id,domain,status,purchase_price,renewal_price,attractiveness,demand,length,registrar,created_at,expires_at,status_verified_at
f58c0b03-94b0-4e91-80b2-9c4ba354f5c6,barracuda.limo,available,54.99,54.99,high,low,9,namesilo,,,22/09/2026 07:54
173bfdd3-7b90-4576-8e54-24396e5dc32d,braveness.limo,available,57.98,68.98,high,low,9,namecheap,,,24/09/2026 08:20
d152a7ea-1235-416a-962b-a6c9ab8f98df,spare.limo,available,54.99,54.99,high,low,5,namesilo,,,24/09/2026 15:52
52215940-50b5-4ab9-9e7d-380568faba2f,inverted.limo,available,19.99,71.99,high,low,8,name.com,,,
86757c61-a815-4860-a42c-1d1bee34eae2,bursal.limo,available,19.99,71.99,medium,low,6,name.com,,,11/08/2026 11:04
832a6378-46d1-4576-9d57-e0539c4c3c7a,stat.limo,available,19.99,,high,low,4,name.com,,,
c5c2ebf4-1e48-4631-ab8e-d1fdfd6e39f3,natural.limo,available,54.99,54.99,high,low,7,namesilo,,,08/09/2026 12:12
189329a7-f26f-4d53-9498-ca9d872a3da7,glare.limo,available,54.99,54.99,high,low,5,namesilo,,,24/09/2026 10:22
8ffc27a9-59e2-49a3-9ede-930e60097ee0,graft.limo,available,54.99,54.99,high,low,5,namesilo,,,24/09/2026 10:15
d6af402e-7d92-4a1e-9e63-c21e0af21b33,amiably.limo,available,57.98,68.98,medium,low,7,namecheap,,,13/09/2026 17:50
7e736d5f-a4ed-460e-9a4b-f6b1b9a6eb4e,corrugated.limo,available,19.99,71.99,high,low,10,name.com,,,13/08/2026 02:13
de85df01-04cc-422c-8aa5-5e8907dd82a6,broadwise.limo,available,54.99,54.99,medium,low,9,namesilo,,,14/09/2026 01:26
a8edcb4a-ef58-45d6-9fe6-a2a61cef22b5,baal.limo,available,54.99,54.99,high,low,4,namesilo,,,21/09/2026 12:05
f5c2d48c-7581-4aa0-a7bc-c62d9e8d416b,beachfront.limo,available,57.98,68.98,high,low,10,namecheap,,,22/09/2026 19:04
111a2e24-57a4-43b2-825b-bc8027feb928,kicks.limo,available,54.99,54.99,high,low,5,namesilo,,,18/09/2026 05:38
da9c2d2e-96ec-4665-9839-a98c55035337,minimally.limo,available,19.99,71.99,medium,low,9,name.com,,,15/09/2026 15:02
8d503397-d939-4ee4-9004-51b6cb73b285,fervently.limo,available,57.98,68.98,medium,low,9,namecheap,,,14/09/2026 18:24
e4567b28-adc6-425e-834d-918bf314abbb,postnatal.limo,available,54.99,54.99,medium,low,9,namesilo,,,09/09/2026 00:35
4a2f59e9-0dc2-42cb-90ed-923440028533,polyatomic.limo,available,54.99,54.99,medium,low,10,namesilo,,,08/09/2026 23:10
5ca9c855-468f-499f-ae5f-7313642577bb,sickly.limo,available,19.99,71.99,high,low,6,name.com,,,
2180ddb5-ec68-418a-b8bd-2e4a73c4653f,sleepy.limo,available,54.99,54.99,high,low,6,namesilo,,,10/09/2026 10:39
f307d3e0-b11b-4973-bae0-b77f2df750e8,snooty.limo,available,19.99,71.99,medium,low,6,name.com,,,09/08/2026 20:39
c6e671b6-410b-41f8-9533-7fb60efc29ba,weeny.limo,available,19.99,71.99,high,low,5,name.com,,,10/08/2026 08:22
d5b312d5-86ec-41ba-ab76-24431699e710,bullet.limo,available,19.99,,high,low,6,name.com,,,
a3ae32a7-6c62-45f3-9f61-9cda137f508e,updated.limo,available,54.99,54.99,medium,low,7,namesilo,,,18/09/2026 06:09
ceeab6e9-66f7-4e2f-9adb-1c1b4302928d,anthidium.limo,available,54.99,54.99,medium,low,9,namesilo,,,19/09/2026 13:22
e5bd4207-a7d8-4084-9f21-c3d94a4ad835,nought.limo,available,54.99,54.99,high,low,6,namesilo,,,21/09/2026 10:34
acd7375e-1f68-40b9-8a2d-e57e2cdcde0f,academe.limo,available,57.98,68.98,high,low,7,namecheap,,,16/09/2026 20:22
04bdecc3-44fb-4b38-b7e0-8fbb021341d4,nay.limo,available,54.99,54.99,medium,low,3,namesilo,,,15/09/2026 16:14
353169b0-082a-4ec9-8900-5929776a901b,assignment.limo,available,54.99,54.99,high,low,10,namesilo,,,19/09/2026 21:59
00904e9c-38e3-443a-9cbb-adda56625da5,skunk.limo,available,19.99,71.99,high,low,5,name.com,,,11/08/2026 09:13
ae73ef05-9822-4ab9-bb4d-a82720b37adc,flexuous.limo,available,19.99,71.99,medium,low,8,name.com,,,18/08/2026 08:08
c6efd73a-ad1e-48cd-8c3c-4e4c13e74315,barbara.limo,available,54.99,54.99,high,low,7,namesilo,,,25/09/2026 11:55
24629d6d-7a78-41c9-8e20-fde9054d20fa,eternal.limo,available,54.99,54.99,high,medium,7,namesilo,,,21/09/2026 22:47
4f09bc00-a84f-4f56-8414-3b9d1f92e3ba,cheating.limo,available,19.99,71.99,medium,low,8,name.com,,,12/08/2026 03:32
9c5ad22f-3bbe-424c-8751-0913d72379de,derisory.limo,available,19.99,71.99,medium,low,8,name.com,,,14/08/2026 02:56
52c6be53-6c63-40bd-b510-7bd136a4e02d,stress.limo,available,19.99,,high,low,6,name.com,,,
40df5a9b-4b57-4358-a95d-933428d6e828,returns.limo,available,54.99,54.99,high,low,7,namesilo,,,17/09/2026 17:19
9d0ec43d-766e-418b-9da2-9e9c9e287449,degrading.limo,available,19.99,71.99,medium,low,9,name.com,,,13/08/2026 20:10
4aa2c0e4-cf3a-4caf-87fc-ba1e501d028c,prosperous.limo,available,19.99,71.99,high,low,10,name.com,,,10/08/2026 19:19
ff48af69-ec02-44f7-92dc-0fe323402408,invalidate.limo,available,54.99,54.99,high,low,10,namesilo,,,13/09/2026 06:37
3ba62bd7-a05d-4ba5-9ca8-b1adb7bfd805,frederic.limo,available,54.99,54.99,high,low,8,namesilo,,,25/09/2026 15:15
3a650784-5c1a-47af-afe0-81175d868015,abeam.limo,available,54.99,54.99,medium,low,5,namesilo,,,13/09/2026 16:11
da2d1afa-6842-4cf0-ad53-d8e5dbc02fbb,diagram.limo,available,54.99,54.99,high,low,7,namesilo,,,24/09/2026 22:08
228d84ce-32cb-44e6-949e-0fa92dfb8b89,pee.limo,available,19.99,71.99,medium,low,3,name.com,,,13/09/2026 09:51
b678e9c9-16aa-47c6-9cd1-90f025a23454,hurry.limo,available,19.99,,high,low,5,name.com,,,
e8e4af98-8523-47b0-8020-176df9a3995f,esthetic.limo,available,57.98,68.98,high,low,8,namecheap,,,21/09/2026 21:16
c95ca957-799c-4cc2-b7af-57ee8130acf8,francisca.limo,available,19.99,,high,low,9,name.com,,,
72b88e9e-20b3-48e8-b028-8f61cbf1d511,formic.limo,available,19.99,71.99,medium,low,6,name.com,,,18/08/2026 12:11
75cb868a-736e-42e5-a546-9e2925ebcac4,rheumatoid.limo,available,19.99,71.99,medium,low,10,name.com,,,06/08/2026 23:10
409fe709-6903-4978-aa7b-cf30a6af12c6,bevin.limo,available,54.99,54.99,medium,low,5,namesilo,,,23/09/2026 12:05
4317a79a-afee-4f61-854e-bde5a797ba48,diplomatic.limo,available,54.99,54.99,high,low,10,namesilo,,,24/09/2026 10:36
deaea656-c4d2-4c28-94ae-75eeb794bbfa,diverted.limo,available,19.99,71.99,high,low,8,name.com,,,
235da154-24e0-4ce6-b15a-8b9d0519a386,shrewdly.limo,available,19.99,71.99,medium,low,8,name.com,,,13/09/2026 22:22
a752430f-6ffa-4c2e-a371-10a3e0c58dac,clayton.limo,available,54.99,54.99,high,low,7,namesilo,,,25/09/2026 21:46
165d3dc8-7fb4-4e97-a6ca-454c72ed830a,earthworm.limo,available,54.99,54.99,high,low,9,namesilo,,,19/09/2026 06:33
59bc3a44-2512-49c0-aa0d-002a4467677a,slowpoke.limo,available,57.98,68.98,medium,low,8,namecheap,,,10/09/2026 20:25
1e944cf2-6a73-424d-a570-c730e053dbb7,cacomistle.limo,available,57.98,68.98,medium,low,10,namecheap,,,22/09/2026 12:02
a6ee8c3b-d36c-45ae-931a-489bf9381d67,reader.limo,available,19.99,,high,low,6,name.com,,,
da16e6a2-4380-4bdd-b565-8dc79e3a4262,blew.limo,available,54.99,54.99,high,low,4,namesilo,,,25/09/2026 11:11
f50e03d6-487e-4dcb-b878-9d6616e40545,nestling.limo,available,19.99,71.99,high,low,8,name.com,,,25/08/2026 00:18
8833500d-0213-4217-ae9a-2682b7b5f238,ballota.limo,available,54.99,54.99,medium,low,7,namesilo,,,21/09/2026 23:16
8d50b817-1b56-4cc2-ae41-d98f045af950,dylan.limo,available,54.99,54.99,high,low,5,namesilo,,,25/09/2026 00:22
962b9d26-4139-4d01-a977-7bf1073654c5,kroeber.limo,available,54.99,54.99,medium,low,7,namesilo,,,18/09/2026 06:35
fdb80c96-1d44-48aa-9be4-5a4150b2b263,retire.limo,available,19.99,,high,low,6,name.com,,,
489d4fd8-2bec-46c8-8662-ac0f643ef257,abbey.limo,available,57.98,68.98,high,low,5,namecheap,,,16/09/2026 14:25
3254a777-f6d0-4313-839a-d54411b6cb82,darkling.limo,available,19.99,71.99,medium,low,8,name.com,,,13/08/2026 18:16
9ea30c84-ce3a-4e55-853d-18ed1818e93f,ephemeral.limo,available,19.99,71.99,high,low,9,name.com,,,17/08/2026 10:17
2ffd575a-1ea4-451c-90b4-4bccf9e49d7a,photo.limo,available,54.99,54.99,high,medium,5,namesilo,,,23/09/2026 06:22
90a05044-37a4-4fba-977e-3e6a6eecbe10,techno.limo,available,19.99,,high,low,6,name.com,,,
299eb7d3-811c-422e-8879-2b1d1b5f74bb,respecting.limo,available,19.99,,medium,low,10,name.com,,,
35c9f67b-60a9-46be-bcd9-711c148072ec,blastocyst.limo,available,54.99,54.99,medium,low,10,namesilo,,,24/09/2026 04:28
58822b17-2b36-4311-8c2d-73c6cbcb1cae,lyric.limo,available,54.99,54.99,high,low,5,namesilo,,,25/09/2026 15:47
0527c837-8729-431d-a8a6-5897931f45a6,olivier.limo,available,54.99,54.99,high,low,7,namesilo,,,22/09/2026 07:16
9d37dc84-b816-423f-a3de-3d06c09562e4,grandparents.limo,available,54.99,54.99,high,low,12,namesilo,,,18/09/2026 06:12
d800b7d6-c8f9-4a52-a767-79b8aede19d3,liv.limo,available,,,high,low,3,,,,
0e147560-16bd-42fe-8fad-d3b7e218cc04,videogames.limo,available,57.98,68.98,medium,low,11,namecheap,,,23/09/2026 20:46
5d7812ef-a99f-40c0-97a8-c929858946c7,prompts.limo,available,54.99,54.99,high,medium,7,namesilo,,,20/09/2026 08:06
ca5fc3c7-2371-4f66-86cc-f55e57d17b43,cataphatic.limo,available,19.99,71.99,medium,low,10,name.com,,,11/08/2026 21:04
bda27c77-d09e-42e8-9503-993884fce451,mosquitos.limo,available,54.99,54.99,low,low,9,namesilo,,,18/09/2026 14:26
f130c8ec-cf45-4c4d-8b5f-cb0787c3d556,forty.limo,available,19.99,71.99,high,low,5,name.com,,,
ea7cac05-efc8-4314-a2b9-000545a51440,appellate.limo,available,19.99,71.99,medium,low,9,name.com,,,06/08/2026 06:18
523b2524-1ad2-4f3b-8526-5b89927daf6f,sad.limo,available,54.99,54.99,high,low,3,namesilo,,,24/09/2026 05:55
260739e0-dd85-4bda-8b46-f8d3ce22415f,grasping.limo,available,19.99,71.99,high,low,8,name.com,,,07/08/2026 22:04
20dc57e7-1a69-412c-90fe-8f5bf02b9dd3,apostle.limo,available,19.99,71.99,high,low,7,name.com,,,19/09/2026 19:18
82689932-01c9-43ef-b99a-4e638cd8853a,layered.limo,available,19.99,71.99,high,low,7,name.com,,,22/08/2026 21:32
a5a5a5bc-2d31-4b38-8e4b-5ed512ba9616,katie.limo,available,57.98,68.98,high,low,5,namecheap,,,25/09/2026 13:27
1882f491-b947-4c6f-9f23-937dbdd226fe,basle.limo,available,54.99,54.99,medium,low,5,namesilo,,,22/09/2026 10:14
b35a4c46-388f-4e6d-8276-86d76bf5baa7,landed.limo,available,19.99,71.99,high,low,6,name.com,,,22/08/2026 19:22
e6b95e61-02c4-4414-94c1-db8ef3adff61,trilateral.limo,available,54.99,54.99,medium,low,10,namesilo,,,11/09/2026 14:28
b61eb75e-2370-4bef-aa92-afbc03bb89a6,nonplus.limo,available,57.98,68.98,medium,low,7,namecheap,,,21/09/2026 17:34
4c0abce3-63ca-486c-8340-12626bf1a900,medically.limo,available,54.99,54.99,medium,low,9,namesilo,,,15/09/2026 13:56
a4285fbb-0732-41d4-b1c1-44388bda6495,lawrence.limo,available,54.99,54.99,high,low,8,namesilo,,,25/09/2026 04:32
f922242a-a98e-4494-a2d2-4df0a2e73502,received.limo,available,19.99,,high,low,8,name.com,,,
eb491bc8-9613-41c1-aae5-6414e973665b,statewide.limo,available,57.98,68.98,high,low,9,namecheap,,,10/09/2026 19:10
5939c4f1-34a3-4a9d-b778-f19e15959b02,zambian.limo,available,54.99,54.99,high,low,7,namesilo,,,13/09/2026 15:05
d3401de7-b798-4324-a04e-f15003ea64f7,almanac.limo,available,54.99,54.99,high,low,7,namesilo,,,18/09/2026 12:28
d539a2fe-2bf4-4341-a6e8-9d005f779cb1,starkest.limo,available,57.98,68.98,low,low,8,namecheap,,,20/09/2026 22:48
3a02e6c0-584f-45e6-a1b1-62aee8f311f9,nisi.limo,available,54.99,54.99,medium,low,4,namesilo,,,03/09/2026 17:44
9ca33c42-248b-4400-89de-4b036a43c906,letting.limo,available,54.99,54.99,high,low,7,namesilo,,,09/09/2026 14:21
46a8edf0-f1b7-446a-a4ee-a0c0e6cfdcc5,landscape.limo,available,54.99,54.99,high,low,9,namesilo,,,25/09/2026 04:23
29d3965e-9bae-488a-8ed5-1deebf00c561,cocks.limo,available,54.99,54.99,medium,low,5,namesilo,,,18/09/2026 23:39
fc7d4d7d-74dd-4964-8062-3c2a5c283c2d,aldehyde.limo,available,54.99,54.99,high,low,8,namesilo,,,18/09/2026 04:24
fecc9567-74a3-4615-ac75-90cf69bd849e,cancerous.limo,available,19.99,71.99,medium,low,9,name.com,,,11/08/2026 16:33
a8391030-426c-40ad-b16b-a8dd42f7b202,ang.limo,available,54.99,54.99,high,low,3,namesilo,,,17/09/2026 22:42
e5bf8adc-671f-444a-95ed-71f6c0a7fceb,basilica.limo,available,19.99,71.99,high,low,8,name.com,,,22/09/2026 10:49
db1c4806-7b51-4c61-9ae1-db177a549d0b,thumbs.limo,available,54.99,54.99,medium,low,6,namesilo,,,18/09/2026 14:13
fa04389e-f13b-42d4-93a1-5c9432b1970a,gull.limo,available,19.99,71.99,high,low,4,name.com,,,12/08/2026 15:08
2f3b72c9-5b27-49ed-9046-5cd11c1e01c4,xix.limo,available,54.99,54.99,high,low,3,namesilo,,,21/09/2026 12:08
e1c94f30-4309-470b-b5f2-45a133b6244a,slowness.limo,available,19.99,,high,low,8,name.com,,,
ddc2d849-53c4-44fc-9c8b-bc12960650c3,eldritch.limo,available,19.99,71.99,medium,low,8,name.com,,,16/08/2026 02:21
62dab267-e213-4c5b-9378-2a81df1f8659,ahuh.limo,available,19.99,,high,low,4,name.com,,,
52073bd0-44e6-4ced-88bc-f02848c47c13,airbrake.limo,available,54.99,54.99,high,low,8,namesilo,,,17/09/2026 22:58
055fd657-9494-4388-aaed-02aa9716d063,carlos.limo,available,54.99,54.99,high,low,6,namesilo,,,19/09/2026 04:37
73443c73-714f-421c-8480-fab5101a6efa,slothful.limo,available,19.99,71.99,medium,low,8,name.com,,,17/08/2026 20:58
cce20b19-a8aa-429b-97ec-bc06df781bc9,acyclovir.limo,available,19.99,71.99,medium,low,9,name.com,,,17/09/2026 05:41
cdf6bdca-f2ad-4a1e-8e52-534515e91ee9,irreverent.limo,available,19.99,71.99,medium,low,10,name.com,,,20/08/2026 16:04
fd06d505-3b08-4f49-bfc5-9b0c11b2712b,sanious.limo,available,19.99,71.99,medium,low,7,name.com,,,21/08/2026 17:49
8dfc62dc-5c48-4ac0-b9a0-4de0b64f2e12,shear.limo,available,19.99,,medium,low,5,name.com,,,
2fff7e3f-c7e5-432c-a8fe-2c1a4ac7293b,unvented.limo,available,54.99,54.99,low,low,8,namesilo,,,12/09/2026 22:11
49277afa-603f-4319-ba18-1d6b7a94781e,slowcoach.limo,available,57.98,68.98,medium,low,9,namecheap,,,10/09/2026 20:27
469ae038-b441-4239-9f2b-e63eb7218124,reunion.limo,available,19.99,,high,medium,7,name.com,,,
dced19f4-df98-4880-8afa-599c8711ff73,regarded.limo,available,19.99,,high,low,8,name.com,,,
ce03e7c5-f54d-4448-bee3-1b4a13007dae,charivari.limo,available,57.98,68.98,medium,low,9,namecheap,,,23/09/2026 06:08
528f80af-e31a-4045-b7ca-f63a5b3e0c49,enured.limo,available,19.99,71.99,low,low,6,name.com,,,17/08/2026 09:59
185f65bf-1261-4c5a-9dd8-42347534d253,waterborne.limo,available,54.99,54.99,medium,low,10,namesilo,,,13/09/2026 08:36
24a30f0d-994d-41d7-bdfc-56ba71988824,barth.limo,available,54.99,54.99,medium,low,5,namesilo,,,22/09/2026 09:03
1f3583b2-9cc1-4a00-96fb-ad21d9c6542c,disconnect.limo,available,19.99,,high,low,10,name.com,,,
68a97542-f296-4802-9983-0c25d17dd0b7,people.limo,available,19.99,,high,medium,6,name.com,,,
ea7a5ede-562f-48ba-89f5-acd621a46c65,buried.limo,available,54.99,54.99,medium,low,6,namesilo,,,23/09/2026 11:29
c0b00a5e-2e2a-47ad-a5d7-e76d34034562,conduct.limo,available,57.98,68.98,high,low,7,namecheap,,,23/09/2026 03:13
90de7a46-5c89-4b49-b8e5-f14f5b3ce88c,excitable.limo,available,19.99,71.99,medium,low,9,name.com,,,17/08/2026 16:22
875b2fa1-2c70-48d5-9de1-3082686c787c,student.limo,available,19.99,,high,low,7,name.com,,,
1350d6a4-6b5b-4b7c-a276-5a6eb7c27b93,slicked.limo,available,57.98,68.98,medium,low,7,namecheap,,,08/09/2026 20:52
4dc4398d-c75b-4a49-acd7-73f44a6c4481,macbook.limo,available,,,high,high,7,,,,
b4f84087-db07-4240-96a6-cf6f8b15cb00,started.limo,available,57.98,68.98,medium,low,7,namecheap,,,18/09/2026 11:27
09be7b7b-d076-429b-8350-348d8262f389,beaumont.limo,available,54.99,54.99,high,low,8,namesilo,,,22/09/2026 22:14
be31d48d-af5d-45e7-8b13-f6c55b522ef3,squawk.limo,available,54.99,54.99,high,low,6,namesilo,,,23/09/2026 00:25
4caeef63-bbdc-4256-92da-5d9c6af36434,bigarade.limo,available,57.98,68.98,medium,low,8,namecheap,,,23/09/2026 15:03
e5d2d56b-bd79-4966-9f20-17616ee591e5,semiotical.limo,available,54.99,54.99,medium,low,10,namesilo,,,10/09/2026 03:15
a26d417c-3e4e-4551-b1a2-11532ab65c7c,centimeter.limo,available,54.99,54.99,high,low,10,namesilo,,,24/09/2026 13:34
0c0044cc-4a59-4227-830b-2cb96c4e52c6,laboured.limo,available,19.99,71.99,medium,low,8,name.com,,,22/08/2026 17:40
0f7acf12-0a4c-4dec-9ec6-e2cb903c1a02,sony.limo,available,,,high,medium,4,,,,
d10b51c4-b18a-4aad-ae54-2e8d9762fdb0,accused.limo,available,19.99,,high,low,7,name.com,,,
8ca7bbb0-e4d5-45e3-88e5-b882b4bbffa2,askant.limo,available,19.99,71.99,medium,low,6,name.com,,,07/08/2026 03:05
bf0e1cde-bab5-4372-8e7d-fea59bac5e32,gardiner.limo,available,54.99,54.99,high,low,8,namesilo,,,25/09/2026 06:17
9fe12079-1b9d-4bd2-ba8c-0c1b7f1e38e3,borgia.limo,available,57.98,68.98,medium,low,6,namecheap,,,18/09/2026 05:55
ec625ab1-0f9b-43a7-a740-a5ae7907a3d8,tapes.limo,available,57.98,68.98,medium,low,5,namecheap,,,25/09/2026 21:42
7f2f2fde-d7be-4bb0-885a-c8c34c8a15e8,suddenly.limo,available,19.99,71.99,medium,low,8,name.com,,,13/08/2026 19:19
8d127c14-e340-4f60-a138-779f32cbb73c,bacterium.limo,available,57.98,68.98,medium,low,9,namecheap,,,21/09/2026 16:30
60b631a6-0837-42fb-8b98-ce165438036d,pubic.limo,available,54.99,54.99,medium,low,5,namesilo,,,09/09/2026 05:20
3fbe4027-8bff-40f4-8d91-37d352cce635,warily.limo,available,54.99,54.99,medium,low,6,namesilo,,,16/09/2026 11:20
24467372-c0ee-4335-ac67-a42b9f8dfdc5,whiny.limo,available,57.98,68.98,medium,low,5,namecheap,,,09/09/2026 08:37
a4d44eb0-a1bd-4c74-8227-4e4990ebafc8,arizonian.limo,available,57.98,68.98,medium,low,9,namecheap,,,20/09/2026 06:06
5fd039b5-01a7-4c93-8b83-45c04c748a72,present.limo,available,54.99,54.99,high,low,7,namesilo,,,25/09/2026 04:02
dbb80507-58fe-4769-8082-7d7912becadf,asthma.limo,available,54.99,54.99,high,low,6,namesilo,,,20/09/2026 17:24
88e4765d-8eb1-4f8b-a6ef-816529bb8463,bets.limo,available,19.99,,high,low,4,name.com,,,
c9d5e3cd-f05c-47ee-9ec2-79c16038b7f7,deck.limo,available,19.99,,high,low,4,name.com,,,
45e9ab2f-c3e9-4a14-bc7f-2a9828a6adf6,animalia.limo,available,54.99,54.99,high,low,8,namesilo,,,19/09/2026 08:37
6d1313a5-c764-437e-899d-84c77124dad3,berne.limo,available,54.99,54.99,medium,low,5,namesilo,,,23/09/2026 09:45
40328013-5ac1-4de2-93af-eaff03b2987c,ricardo.limo,available,57.98,68.98,high,low,7,namecheap,,,25/09/2026 04:47
3798ffd4-e780-4afa-956e-fa2e0922b2ba,extravert.limo,available,19.99,71.99,high,low,9,name.com,,,17/08/2026 19:28
8d036a23-f20c-4e33-9d6d-fa38428329b0,bookable.limo,available,19.99,71.99,high,low,8,name.com,,,10/08/2026 19:04
07cbadee-7161-48df-aaa0-6491c3ac4ac1,pleading.limo,available,19.99,71.99,medium,low,8,name.com,,,09/08/2026 15:21
13cf003a-d0c9-4fef-9748-89ed2e8608d3,lightwood.limo,available,57.98,68.98,medium,low,9,namecheap,,,16/09/2026 20:15
5d09878a-014a-4858-b604-26dfca7bd064,dotcom.limo,available,19.99,71.99,high,low,7,name.com,,,14/08/2026 16:26
d10a0c66-969b-491c-a06d-d1930e95822e,arnhem.limo,available,54.99,54.99,high,low,6,namesilo,,,20/09/2026 08:09
586c2962-8a71-4ba9-b67d-cca6c2c565a0,sayonara.limo,available,54.99,54.99,high,low,8,namesilo,,,17/09/2026 08:15
b21373ef-a726-4cf5-89f1-e4ed06d4ca37,jiffy.limo,available,19.99,71.99,high,low,5,name.com,,,22/08/2026 07:30
30be7f35-7473-4d7e-84f8-e4d3f61d28f7,unveiled.limo,available,54.99,54.99,high,low,8,namesilo,,,12/09/2026 22:05
06c699a6-166a-4259-af67-e1fd8e4c867d,unasked.limo,available,54.99,54.99,medium,low,7,namesilo,,,12/09/2026 01:10
cf21a2b8-4c34-48d7-a638-5b618aeaa630,eroding.limo,available,54.99,54.99,medium,low,7,namesilo,,,13/09/2026 09:08
3fb495e8-e625-42d1-9cad-443d2d23a72b,diligently.limo,available,54.99,54.99,high,low,10,namesilo,,,14/09/2026 12:40
15febbf6-cc48-4fc6-aaa7-5778e04f242f,ladle.limo,available,19.99,71.99,high,low,5,name.com,,,22/08/2026 18:34
b26fc55b-6845-462c-ba13-c1c9448ac3a5,subhuman.limo,available,54.99,54.99,medium,low,8,namesilo,,,10/09/2026 23:56
39867bee-e75e-458a-a886-aabc435260bd,unguided.limo,available,54.99,54.99,medium,low,8,namesilo,,,12/09/2026 11:41
790e122c-406a-498e-8cda-ee6891534f71,branchy.limo,available,19.99,71.99,medium,low,7,name.com,,,11/08/2026 02:23
d1cd91f9-2e2d-4cc5-90ca-83bfb9d8d5b3,fossorial.limo,available,19.99,71.99,high,low,9,name.com,,,18/08/2026 13:21
18048553-6fc9-4663-9651-22da9df14f3b,pandora.limo,available,19.99,,high,low,7,name.com,,,
c9adbd7a-2e6d-498e-8cfa-bdc431e4749a,effortful.limo,available,19.99,71.99,medium,low,9,name.com,,,15/08/2026 16:20
b0c2db81-64c8-4fc5-8f72-3170c1b0986b,fledgeling.limo,available,19.99,71.99,high,low,10,name.com,,,18/08/2026 07:32
761610c2-3d74-4184-a41f-6a5584258169,autocrat.limo,available,54.99,54.99,medium,low,8,namesilo,,,21/09/2026 06:11
d744f00c-488a-44fe-8d8b-bd41f8c7d1b1,jessica.limo,available,57.98,68.98,high,low,7,namecheap,,,25/09/2026 18:08
77dae0ec-b5ac-483f-8595-5ef3267f87ff,steam.limo,available,19.99,,high,medium,5,name.com,,,
6147bcae-8693-4a77-97c7-e7df4c7b1dc9,exhusband.limo,available,19.99,71.99,medium,low,10,name.com,,,17/08/2026 15:21
1034c8e5-0058-4b3b-89d1-59135d07f421,archer.limo,available,54.99,54.99,high,low,6,namesilo,,,20/09/2026 01:54
81616378-5dec-4ec6-98f1-b23f81bba940,airlift.limo,available,54.99,54.99,high,low,7,namesilo,,,17/09/2026 23:13
31b26b94-3c0a-4933-bf31-707d77e2f021,senatorial.limo,available,54.99,54.99,medium,low,10,namesilo,,,10/09/2026 03:38
dfea4419-a964-49e1-967e-a879c591542f,recall.limo,available,57.98,68.98,high,low,6,namecheap,,,24/09/2026 11:46
00353abe-fb13-4e99-93f8-e46ea27d722c,chatterbox.limo,available,54.99,54.99,high,low,10,namesilo,,,21/09/2026 12:28
8019b863-b057-4676-8b53-4fba8808803b,parentage.limo,available,54.99,54.99,medium,low,9,namesilo,,,08/09/2026 13:25
f2b077ff-f911-41a1-8e95-4ae1d28ab50c,burt.limo,available,54.99,54.99,high,low,4,namesilo,,,25/09/2026 03:54
12fa5b20-67ab-4513-8715-7a248dcfa7ef,inherited.limo,available,19.99,71.99,high,low,9,name.com,,,18/08/2026 21:33
17333043-fe52-4720-b7cb-e7a6d6626b6e,plaudit.limo,available,54.99,54.99,high,low,7,namesilo,,,16/09/2026 22:36
e7a1c1dd-b653-46de-bd79-bfc552c62ed1,ram.limo,available,54.99,54.99,high,low,3,namesilo,,,20/09/2026 05:25
b040c16b-85d7-4ecd-8787-e518cbaaaa20,chive.limo,available,57.98,68.98,high,low,5,namecheap,,,18/09/2026 11:28
ce0914cd-e5e2-41b2-99bc-91173869e47c,whatever.limo,available,54.99,54.99,high,low,8,namesilo,,,22/09/2026 06:56
191f5861-df91-4aa5-9a12-7c3bdd8da083,inrush.limo,available,19.99,71.99,high,low,6,name.com,,,22/08/2026 06:17
0b82f4cc-3043-48e8-a42d-1a231deee319,bihar.limo,available,54.99,54.99,high,low,5,namesilo,,,23/09/2026 15:31
051ceaf3-895d-4394-b9e6-e6e3bd1c72c4,abls.limo,available,54.99,54.99,medium,low,4,namesilo,,,16/09/2026 16:13
64d6bd51-8ad9-4d4e-94cc-3690a0969d7d,obstinate.limo,available,19.99,71.99,medium,low,9,name.com,,,13/08/2026 12:17
01953176-c1ad-42c8-b0ce-024bb8396ccd,dagger.limo,available,57.98,68.98,high,low,6,namecheap,,,24/09/2026 20:52
de17c178-9b32-4919-9b64-a22b3aa50725,screenshots.limo,available,54.99,54.99,medium,low,11,namesilo,,,20/09/2026 11:10
743cf04b-9f3c-4192-990c-8d1eb1f64d74,bistre.limo,available,54.99,54.99,medium,low,6,namesilo,,,23/09/2026 22:12
fc36c2dc-b965-45ac-b34f-cc486bbf206f,anatomist.limo,available,54.99,54.99,high,low,9,namesilo,,,19/09/2026 03:32
01db4bb8-183d-4cd6-9885-b0d0dfaac185,vicennial.limo,available,54.99,54.99,medium,low,9,namesilo,,,13/09/2026 05:23
dc5b03c9-fbb9-423d-9f39-dd9389f6c9c5,transpolar.limo,available,57.98,68.98,medium,low,10,namecheap,,,11/09/2026 18:57
ee6da01b-c2c1-4c8e-b503-eea2664e0e9a,dimorphic.limo,available,19.99,71.99,medium,low,9,name.com,,,14/08/2026 08:09
fac14c4c-1ebe-48ce-b489-d2d64fa0aa85,prosy.limo,available,54.99,54.99,medium,low,5,namesilo,,,08/09/2026 12:32
8dbc68ed-4b90-49c4-a5cc-9418d106a1d8,acarine.limo,available,57.98,68.98,medium,low,7,namecheap,,,16/09/2026 21:33
3ce6c914-bd07-4acc-9268-400efdaf92d4,bascule.limo,available,57.98,68.98,medium,low,7,namecheap,,,22/09/2026 09:54
5ba8c7c0-6ef5-4b41-9b4e-ab64480ef1f9,starting.limo,available,19.99,,high,low,8,name.com,,,
423f3f2e-f065-46b5-937d-6b42cc823c28,squeaky.limo,available,54.99,54.99,medium,low,7,namesilo,,,10/09/2026 00:04
1eb02f22-7086-4ff4-848e-9f0d92326160,kurrat.limo,available,57.98,68.98,medium,low,6,namecheap,,,18/09/2026 11:14
f169b8b5-fe39-477e-af2b-31dac344c90f,lose.limo,available,19.99,,medium,low,4,name.com,,,
192003cb-7d85-4086-a8e4-6f44fe6f8338,determines.limo,available,54.99,54.99,medium,low,10,namesilo,,,19/09/2026 23:58
50382140-896d-47bb-9504-0ead06064c13,universities.limo,available,54.99,54.99,medium,low,12,namesilo,,,23/09/2026 19:40
2c85e6c5-f59a-4057-ae5e-8d9a3d8b7f87,backstretch.limo,available,19.99,,high,low,12,name.com,,,
ed6bf918-3bf2-42f7-a887-2ebde4bdbdd3,firefighter.limo,available,19.99,,high,low,11,name.com,,,
0690c4c2-1eff-4f47-a8a6-0b3e36a3c2fd,outflank.limo,available,19.99,71.99,medium,low,8,name.com,,,09/08/2026 17:48
00fb62c9-ceaa-4980-8f9b-650dda58e706,oozy.limo,available,54.99,54.99,medium,low,4,namesilo,,,04/09/2026 15:30
d0c3da2e-35a5-41b7-b874-6d7409820a3a,patois.limo,available,54.99,54.99,medium,low,6,namesilo,,,13/09/2026 04:15
d5f48966-bfa4-4b43-a6e3-7595b1b5a21f,paste.limo,available,19.99,,high,low,5,name.com,,,
781547b4-d7d1-4da1-b63a-83dddfcdc48b,overstatement.limo,available,19.99,,medium,low,13,name.com,,,
d929cb2e-06e1-4189-b690-33500cb98062,deaths.limo,available,57.98,68.98,medium,low,6,namecheap,,,19/09/2026 19:12
8c9c7365-24f3-46db-87db-8ddd467966f5,saying.limo,available,54.99,54.99,high,low,6,namesilo,,,25/09/2026 09:03
ec1779f6-e63e-4cf1-b719-b38455a6fc1a,resume.limo,available,54.99,54.99,high,low,6,namesilo,,,24/09/2026 04:16
f1196847-800e-4e4b-8189-1ac5932a8c55,ametria.limo,available,57.98,68.98,medium,low,7,namecheap,,,18/09/2026 21:07
0c9d9185-b739-4c11-963e-9c4ecbb1ecfd,ottawa.limo,premium,242,242,high,low,6,namesilo,,,24/09/2026 11:58
31038170-bd15-4759-9184-43525d41161f,narial.limo,available,54.99,54.99,medium,low,6,namesilo,,,03/09/2026 13:14
c55cae90-1905-4c5e-b881-a70d5427d9af,formulary.limo,available,19.99,71.99,high,low,9,name.com,,,18/08/2026 12:20
13d1ce04-50e1-412e-be6c-df96b6248886,giving.limo,available,19.99,71.99,high,low,6,name.com,,,09/08/2026 20:55
dab13a9b-4467-4e8e-aab3-0b8fdb969737,paternal.limo,available,19.99,71.99,high,low,8,name.com,,,
4cda1fdb-535f-45a8-addc-1f8e91bc1f42,noseless.limo,available,54.99,54.99,low,low,8,namesilo,,,03/09/2026 21:47
43afb4b6-d899-4b3c-84bf-c46e3b0c09cc,aas.limo,available,54.99,54.99,high,low,3,namesilo,,,16/09/2026 13:41
6b9a7a1b-e731-4057-b5d1-f9856dbc760b,apposition.limo,available,54.99,54.99,medium,low,10,namesilo,,,19/09/2026 22:03
74b6a767-52f6-42f4-8f37-21aa594e8614,wayward.limo,available,54.99,54.99,high,low,7,namesilo,,,13/09/2026 08:49
0a724d67-25a0-4bc4-882a-b8a6079ebea2,intrinsic.limo,available,54.99,54.99,high,low,9,namesilo,,,25/09/2026 10:55
1e1cf034-e3b4-4119-872a-33da4ca5ed6a,laxative.limo,available,19.99,71.99,high,low,8,name.com,,,22/08/2026 21:25
d9d3e509-4f5c-49ec-a556-932069b32271,lunchboxes.limo,available,57.98,68.98,medium,low,10,namecheap,,,21/09/2026 09:13
1c76678a-88f4-4f68-99dc-ee4a74f79126,crawler.limo,available,54.99,54.99,high,low,7,namesilo,,,19/09/2026 06:39
740fb9b5-b80f-43dd-99a9-071eb0b376b0,sordid.limo,available,54.99,54.99,medium,low,6,namesilo,,,10/09/2026 14:29
9e8338f7-1d59-43a5-b731-dd524440a1cb,tracking.limo,available,19.99,,high,low,8,name.com,,,
abe01bbf-b2ba-4136-bfc3-503d54609eb1,orientated.limo,available,57.98,68.98,high,low,10,namecheap,,,04/09/2026 17:54
b038764d-8422-46b2-af13-fc37b8b50828,edgar.limo,available,54.99,54.99,high,low,5,namesilo,,,25/09/2026 22:32
027eabea-4f4d-4089-92d6-a96dd0d02eb3,lust.limo,available,19.99,,high,low,4,name.com,,,
81836377-e1d6-4a1d-bebd-894f5aae31b3,oppressed.limo,available,54.99,54.99,medium,low,9,namesilo,,,04/09/2026 16:50
fa885a6f-6ab9-4cea-a462-43f2f9e3ae69,polynomial.limo,available,54.99,54.99,high,low,10,namesilo,,,03/09/2026 10:48
ced57725-583c-40e1-94b1-5ad1dac6d484,gyroscopic.limo,available,19.99,71.99,medium,low,10,name.com,,,20/08/2026 21:21
b853e14a-6702-4cd6-bfd1-78503f046880,depends.limo,available,57.98,68.98,medium,low,7,namecheap,,,25/09/2026 20:36
e64656d2-b78c-436c-9748-8ddeb6e98088,airing.limo,available,54.99,54.99,high,low,6,namesilo,,,17/09/2026 23:12
47b5ea9b-0943-4549-88f0-534948627cfa,treelike.limo,available,19.99,71.99,medium,low,8,name.com,,,06/08/2026 14:01
87add7c8-3ac5-4553-98b4-9831d60dd42b,unlike.limo,available,19.99,,high,low,6,name.com,,,
a077f967-2fcd-42fd-82b7-c9e31f487e39,detour.limo,available,19.99,,high,low,6,name.com,,,
e5b59a64-5133-4cec-a6f5-23a651ea4a41,tire.limo,available,54.99,54.99,high,low,4,namesilo,,,25/09/2026 11:34
e08c9fb8-88e7-4f51-9425-e18893f0a6a8,sleek.limo,available,19.99,71.99,high,low,5,name.com,,,18/08/2026 09:13
b863bb7f-abd5-438b-b8ff-a79e539dd863,atropa.limo,available,54.99,54.99,medium,low,6,namesilo,,,21/09/2026 00:54
078caf69-5bc2-4808-8721-effeeacd037d,bermudian.limo,available,19.99,71.99,medium,low,9,name.com,,,09/08/2026 15:15
d0ebf6c0-fb14-4ae6-a305-56a674b4c284,smatter.limo,available,57.98,68.98,medium,low,7,namecheap,,,24/09/2026 04:48
a885c595-02b6-4784-860c-60c19c90f470,earthling.limo,available,54.99,54.99,high,low,9,namesilo,,,11/09/2026 10:43
28741f2d-190d-4363-9d93-213d9b1e4e28,clipper.limo,available,54.99,54.99,high,low,7,namesilo,,,24/09/2026 15:46
6cd6a24c-9944-4078-a65a-4c0982522a25,lawson.limo,available,54.99,54.99,high,low,6,namesilo,,,25/09/2026 12:31
6dad3cb4-dbda-4a6b-b6ac-b585de7b1754,finite.limo,available,19.99,71.99,high,low,6,name.com,,,18/08/2026 05:02
4c21c097-9bb4-427c-b118-b6bf45ec611e,slipstream.limo,available,19.99,71.99,high,low,10,name.com,,,21/09/2026 16:20
ccc35615-ac39-4051-97e0-975bf50ee9fc,bleacher.limo,available,54.99,54.99,high,low,8,namesilo,,,24/09/2026 05:15
c28bd3b5-bfed-4ee9-8ac8-64174132d6b9,hostess.limo,available,54.99,54.99,high,low,7,namesilo,,,17/09/2026 22:27
c16fb7b9-418e-48b6-827c-f9687256a30b,canorous.limo,available,19.99,71.99,medium,low,8,name.com,,,11/08/2026 17:35
8ff4be09-f621-4254-a9fb-8acd265c083b,notion.limo,available,19.99,,high,low,6,name.com,,,
b39fc0f4-ec8a-4e11-a43b-a9556d83fb70,debate.limo,available,54.99,54.99,high,low,6,namesilo,,,24/09/2026 05:29
0f3e4da1-6706-4521-8e8f-d4732461ab61,wastebasket.limo,available,19.99,,high,low,11,name.com,,,
e21ef69f-df60-4c47-9499-3457501bb2fa,axiomatic.limo,available,19.99,71.99,medium,low,9,name.com,,,05/08/2026 23:27
7aab557e-4229-443d-b731-c15fdb1874f1,cap.limo,available,19.99,,high,low,3,name.com,,,
5634591f-3c87-4cce-90ec-3a2b491f69f6,loyal.limo,available,54.99,54.99,high,low,5,namesilo,,,25/09/2026 15:30
18a8f6bc-7dfa-4b93-b3f1-42db3576e504,unitary.limo,available,54.99,54.99,high,low,7,namesilo,,,12/09/2026 13:58
6d2be5d1-ccba-4242-b34a-f422afe2f787,spurious.limo,available,19.99,71.99,medium,low,8,name.com,,,09/08/2026 00:03
97dc0191-07c7-479d-8f79-4f3b217772ae,erroneous.limo,available,19.99,71.99,medium,low,9,name.com,,,17/08/2026 12:56
c0fea746-ec7c-47f7-bc7b-88b48da75977,woody.limo,available,19.99,71.99,high,low,5,name.com,,,06/08/2026 13:08
b43c4060-e7a5-45f6-988a-ccb9389244b5,pulls.limo,available,54.99,54.99,medium,low,5,namesilo,,,16/09/2026 23:15
4598843b-a887-44d6-92c5-19030f2ac6ef,say.limo,available,19.99,,high,low,3,name.com,,,
ee343da6-b05f-4244-80a0-54aea8958fab,indian.limo,available,54.99,54.99,high,low,6,namesilo,,,22/09/2026 04:13
cf12315e-6fbf-4222-96c7-89ee89c1e3c9,outfitted.limo,available,57.98,68.98,high,low,9,namecheap,,,04/09/2026 19:24
aa02b500-ab76-4c9f-9bbe-4d131e93bbce,poultry.limo,available,54.99,54.99,high,low,7,namesilo,,,24/09/2026 23:24
9f3c4242-b44f-40b1-8867-386a97349d62,guitar.limo,available,19.99,,high,low,6,name.com,,,
49626617-b690-4a1d-9006-82d2b21aa067,perch.limo,available,19.99,71.99,high,low,5,name.com,,,
0e622a89-6bbb-4246-a556-ffbfb3ca8fa1,biologic.limo,available,19.99,71.99,high,low,8,name.com,,,10/08/2026 02:14
4a03f12f-4ff7-4b47-bdf6-7d0ee47c9cfa,quack.limo,available,54.99,54.99,high,low,5,namesilo,,,09/09/2026 07:16
aa4dd1bd-f286-43e7-bac8-4651e7f1a1a5,violent.limo,available,54.99,54.99,high,low,7,namesilo,,,11/09/2026 09:46
ab010524-f022-4ab5-bd8f-be544270c508,midst.limo,available,19.99,71.99,medium,low,5,name.com,,,11/09/2026 13:11
87e83221-add1-4672-9925-388ab17e8319,ambit.limo,available,57.98,68.98,high,low,5,namecheap,,,18/09/2026 16:51
211f4c3d-c266-49f3-a5ba-08ecb2ec8b4a,bunny.limo,available,19.99,,high,low,5,name.com,,,
d361152c-4156-42ff-8956-1ec6203eabdd,someday.limo,available,57.98,68.98,high,low,7,namecheap,,,16/09/2026 04:13
a30ad80e-ecde-4697-8946-32ebd65886d4,bandit.limo,available,54.99,54.99,high,low,6,namesilo,,,22/09/2026 01:19
0712e96b-b38a-4600-9d0d-351f920c6b13,habited.limo,available,19.99,71.99,medium,low,7,name.com,,,20/08/2026 21:27
3f688122-7874-4cdc-a794-8933612b4026,role.limo,available,57.98,68.98,high,low,4,namecheap,,,25/09/2026 09:54
3121789e-1b5c-4570-97e8-d63bb312762c,let.limo,available,19.99,,high,low,3,name.com,,,
98b4a485-3c6c-4a2d-8636-9af515b894c0,endogenous.limo,available,19.99,71.99,medium,low,10,name.com,,,17/08/2026 01:15
1d8dae9d-3427-4441-992b-00e16f78d936,waiter.limo,available,19.99,,high,low,6,name.com,,,
28efef2d-3710-451c-8c03-7cc30cf1b71d,reformer.limo,available,54.99,54.99,high,low,8,namesilo,,,19/09/2026 15:23
88cc4b78-a955-40e3-b5d7-d6ec77dbb1c1,decrepit.limo,available,19.99,71.99,medium,low,8,name.com,,,13/08/2026 05:40
21c47604-3606-4bf5-bbd2-facb5432823f,polemist.limo,available,54.99,54.99,medium,low,8,namesilo,,,08/09/2026 22:57
54e6e222-abc9-4bf5-92ac-2170468f9a74,bristol.limo,premium,242,242,high,low,7,namesilo,,,24/09/2026 10:36
fdce2701-a2ce-46bb-a78d-2e3e8b0a0c2c,blindly.limo,available,54.99,54.99,medium,low,7,namesilo,,,14/09/2026 00:21
1051e21d-3b2e-4be7-b38c-88144aca605f,proficient.limo,available,54.99,54.99,high,low,10,namesilo,,,21/09/2026 17:23
f699c150-056f-4745-8eea-8bb612def35d,selected.limo,available,19.99,,high,low,8,name.com,,,
bde1567c-09ef-4555-84fd-8a498f32374e,realized.limo,available,19.99,71.99,high,low,8,name.com,,,23/09/2026 17:28
93daac8f-8d5b-4c0f-aa13-6c7d0cf4e016,endodontic.limo,available,19.99,71.99,medium,low,10,name.com,,,17/08/2026 01:06
64055fa5-6593-4f81-b2e3-2f6ee725d12e,stubbornly.limo,available,54.99,54.99,medium,low,10,namesilo,,,14/09/2026 10:12
575abf89-3af8-4646-bc9d-65d12af04ffb,relics.limo,available,57.98,68.98,medium,low,6,namecheap,,,18/09/2026 20:08
22d9a221-d96e-42c9-bca4-519b3c443b58,choosy.limo,available,19.99,71.99,medium,low,6,name.com,,,12/08/2026 06:53
3b0bc47e-5511-4643-a39a-2f4d1ee10b18,aotus.limo,available,57.98,68.98,medium,low,5,namecheap,,,19/09/2026 16:05
9e6f67fa-d1f9-42e6-af9b-5628a8b57f81,awkwardly.limo,available,54.99,54.99,medium,low,9,namesilo,,,13/09/2026 22:55
a30f74fc-e1b3-4d2c-92e3-c7ef9f72bc6e,naming.limo,available,54.99,54.99,high,low,6,namesilo,,,23/09/2026 15:51
33c0eeee-4b5b-443d-b7a2-cd318270e7b2,provides.limo,available,54.99,54.99,medium,low,8,namesilo,,,16/09/2026 11:52
263c316e-e021-4d3a-a443-9f4428cff9d9,asbestosis.limo,available,57.98,68.98,medium,low,10,namecheap,,,20/09/2026 12:56
92f6d3e1-281f-47c1-b9d0-2ae8551bae97,quadruplex.limo,available,19.99,71.99,high,low,10,name.com,,,18/08/2026 13:26
a4afc95f-ae89-4ef5-90d3-66ea7ea9e20c,webs.limo,available,54.99,54.99,high,low,4,namesilo,,,20/09/2026 10:33
7e663739-566a-44a5-9ddc-27ae146c1743,negative.limo,available,54.99,54.99,high,low,8,namesilo,,,24/09/2026 11:09
d228eb15-4543-43f2-894f-11a9df3d2d2d,bihari.limo,available,54.99,54.99,medium,low,6,namesilo,,,23/09/2026 15:31
bb3208c3-dd14-4e6c-a8fb-f65b5931cd5d,undiluted.limo,available,54.99,54.99,medium,low,9,namesilo,,,12/09/2026 08:03
c24bedb4-866a-4002-8848-158ebb457ad3,greasy.limo,available,19.99,71.99,high,low,6,name.com,,,20/08/2026 19:35
99947ec6-f8b0-4bf8-abc1-9ba613df8348,fetid.limo,available,19.99,71.99,medium,low,5,name.com,,,18/08/2026 02:24
b6738b7c-c248-4517-ba4c-7405e6690e01,monstrous.limo,available,19.99,71.99,medium,low,9,name.com,,,07/08/2026 14:47
c3d3d4e4-ddf5-4145-b4ce-e283d9e16e00,astronomic.limo,available,19.99,71.99,medium,low,10,name.com,,,07/08/2026 10:10
021076d1-3be2-4533-adaa-9a9c44540624,large.limo,available,54.99,54.99,high,low,5,namesilo,,,23/09/2026 09:13
3e93b33d-d336-4fda-82a9-a0c52fbe2274,moneyless.limo,available,19.99,71.99,medium,low,9,name.com,,,25/08/2026 04:43
41285c02-87c4-4f29-88b8-df2a972758e7,pod.limo,available,19.99,71.99,high,medium,3,name.com,,,12/08/2026 15:05
c8659309-df01-4c3b-810a-ad3e3b27b645,susurrous.limo,available,54.99,54.99,medium,low,9,namesilo,,,03/09/2026 11:24
eb0be37a-90a8-4424-9f43-d9da756320bf,haywood.limo,available,54.99,54.99,high,low,7,namesilo,,,23/09/2026 14:07
d5597d1f-474e-470f-93c3-2048697dbdb6,pinked.limo,available,54.99,54.99,medium,low,6,namesilo,,,20/09/2026 15:51
14373fd5-f716-4daf-b0dd-b7ec51ba9c79,fairly.limo,available,54.99,54.99,high,low,6,namesilo,,,24/09/2026 16:08
5d2aae4a-8b8c-4cd6-a9b5-ec6a6ced5802,hostility.limo,available,54.99,54.99,medium,low,9,namesilo,,,19/09/2026 12:25
17b23f45-7491-49b8-9877-7375319e2056,sestet.limo,available,19.99,71.99,medium,low,6,name.com,,,
025baa12-eff4-4cf9-9356-678fab0e87c1,dogtooth.limo,available,19.99,71.99,medium,low,8,name.com,,,11/08/2026 17:01
76f0ec17-d53c-40ea-9f42-df5d56f49fbf,ruth.limo,available,54.99,54.99,high,low,4,namesilo,,,21/09/2026 12:34
7396273d-8dc3-41ae-ab5e-77c2a821b8cb,heap.limo,available,19.99,71.99,high,low,4,name.com,,,25/08/2026 00:28
59ce6482-bf3c-4e17-b531-31d164988dbc,haven.limo,available,19.99,,high,medium,5,name.com,,,
cafa0c22-fb7e-470b-9863-e9e39bf3137d,graphic.limo,available,19.99,71.99,high,low,7,name.com,,,20/08/2026 18:09
c17d96bd-66f7-4137-ab62-f55e7bfd9532,downpour.limo,available,54.99,54.99,high,low,8,namesilo,,,24/09/2026 16:02
e221808f-1316-492a-ab37-68e6578e8887,knocked.limo,available,54.99,54.99,low,low,7,namesilo,,,25/09/2026 18:45
b27900de-efe9-455a-9d80-2ec8569a6c5c,ebook.limo,available,,,high,low,6,,,,
ee4b0518-a399-42f8-9399-d64c263f9c68,unbending.limo,available,54.99,54.99,medium,low,9,namesilo,,,12/09/2026 01:48
eb64c9f8-c5a0-4592-bab6-cfd1fcf0f311,markedly.limo,available,54.99,54.99,medium,low,8,namesilo,,,15/09/2026 13:31
23b06062-cc06-45a6-8f51-92590ad24680,international.limo,available,54.99,54.99,high,medium,13,namesilo,,,25/09/2026 11:34
b13fef18-b847-465f-ac2f-59d2226364a9,montevideo.limo,available,54.99,54.99,high,low,10,namesilo,,,24/09/2026 12:30
1488d1c2-97a7-47c4-9430-764735ad5f63,squashy.limo,available,19.99,71.99,medium,low,7,name.com,,,10/08/2026 17:16
0eaa3846-b7f8-4b0c-ae5e-7aafd2d61276,herald.limo,available,54.99,54.99,high,low,6,namesilo,,,16/09/2026 22:39
a5c98187-b300-4cf1-9244-d12d84eb3102,argentine.limo,available,,,high,high,9,,,,
05c248a7-2a7c-44f7-b8b9-742ef129ad40,voluntary.limo,available,54.99,54.99,high,low,9,namesilo,,,13/09/2026 07:07
1feba331-ca3d-45db-8ed9-ee40adebe0c5,waterfowl.limo,available,57.98,68.98,high,low,9,namecheap,,,19/09/2026 17:39
8b00213f-dc77-47ce-8afe-d8e1e31ccc91,monied.limo,available,19.99,71.99,high,low,6,name.com,,,25/08/2026 04:39
8a8313e8-0291-4eda-b5fb-9c44456d54c3,confidante.limo,available,54.99,54.99,high,low,10,namesilo,,,24/09/2026 17:12
fa3df489-7816-4827-8e6b-54d89991bec0,amylaceous.limo,available,19.99,71.99,medium,low,10,name.com,,,
86faab1f-b14b-4051-84ad-0abaa1f4e9be,longitude.limo,available,19.99,,high,low,9,name.com,,,
8bbe0e4b-4cd8-4db9-9d11-bcdb407fdc0b,dastard.limo,available,19.99,71.99,medium,low,7,name.com,,,13/08/2026 18:32
9021cdc8-40b5-40b5-a903-b7a66cc0eebf,sofia.limo,premium,242,242,high,medium,5,namesilo,,,24/09/2026 11:03
af46198a-da59-4f28-bf4c-a8b400880023,trader.limo,available,19.99,,high,low,6,name.com,,,
d42f8b73-b1f1-4034-ab52-96555403b085,ascender.limo,available,19.99,71.99,high,low,8,name.com,,,20/09/2026 13:07
e229564c-fc24-4244-beaf-cb676bee97b8,threads.limo,available,57.98,68.98,high,low,7,namecheap,,,25/09/2026 00:19
ebc47ed4-5ab2-45db-b905-a7425f2c7a92,arles.limo,available,54.99,54.99,medium,low,5,namesilo,,,20/09/2026 06:15
ee072598-f1e2-400d-baae-b6de18589378,cloistered.limo,available,19.99,71.99,medium,low,10,name.com,,,12/08/2026 11:48
978dd034-84c8-44a0-b6cb-1926bd025207,punched.limo,available,54.99,54.99,medium,low,7,namesilo,,,19/09/2026 01:53
a2ce461b-7d97-458e-8eb4-b555c25c6be3,plucked.limo,available,57.98,68.98,high,low,7,namecheap,,,08/09/2026 21:28
fcad6867-b50d-4160-9a23-db12dda64611,hays.limo,available,54.99,54.99,medium,low,4,namesilo,,,20/09/2026 10:51
caf9ceff-0800-4da2-ab8d-70b563236c2b,edge.limo,available,54.99,54.99,high,medium,4,namesilo,,,23/09/2026 01:34
96bb936b-0c76-4991-8a5f-97e00797c790,hyalin.limo,available,19.99,71.99,medium,low,6,name.com,,,21/08/2026 16:10
2644ebf2-29d5-4878-9273-bd9239632196,fascist.limo,available,19.99,71.99,medium,low,7,name.com,,,17/08/2026 22:58
dbcf8601-94fb-47bc-955e-2222fcad1535,altruistic.limo,available,54.99,54.99,high,low,10,namesilo,,,22/09/2026 02:48
43d58f2e-6df6-4aca-b0d7-b0e4cedc72c4,tufted.limo,available,19.99,71.99,medium,low,6,name.com,,,11/08/2026 13:14
e08fb5df-f878-45bf-988b-1ee2869d5a8b,ugly.limo,available,57.98,68.98,high,low,4,namecheap,,,24/09/2026 06:45
8f1bfa2a-fc84-4634-b0ee-d61d8bda5e32,cleanly.limo,available,19.99,71.99,high,low,7,name.com,,,12/08/2026 10:21
a940fd2a-57c2-4586-90d9-5b9fafd40382,shorted.limo,available,54.99,54.99,medium,low,7,namesilo,,,20/09/2026 16:13
83469770-4257-4f8f-bb23-76ee81eb9100,grump.limo,available,19.99,71.99,medium,low,5,name.com,,,13/08/2026 04:58
86ab5ac0-e5b5-412d-83b1-481e7787fc7f,biographer.limo,available,57.98,68.98,high,low,10,namecheap,,,23/09/2026 18:07
4da9b0e8-8d68-41b3-9199-053dd175f268,resister.limo,available,54.99,54.99,medium,low,8,namesilo,,,17/09/2026 10:48
deed8895-1f71-4d26-9986-e4fc82286b75,below.limo,available,54.99,54.99,high,low,5,namesilo,,,24/09/2026 12:01
08960d62-e528-4e35-b0d5-620884d1e836,aires.limo,available,54.99,54.99,medium,low,5,namesilo,,,25/09/2026 21:54
7345ab9e-e9a5-4b52-adc7-87417dfa96d3,toys.limo,available,54.99,54.99,high,low,4,namesilo,,,20/09/2026 06:04
d522391c-f8c0-4143-bc31-43ceee31df87,lane.limo,available,19.99,,high,low,4,name.com,,,
fa19b4be-e50f-4dfe-88c7-b32fcbe54271,beg.limo,available,19.99,,high,low,3,name.com,,,
8d559a98-8ea2-443f-84df-56a18bda6003,damascene.limo,available,19.99,71.99,high,low,9,name.com,,,13/08/2026 16:07
9721d460-c53b-4c49-8a5f-79574716f3c1,dickie.limo,available,19.99,71.99,medium,low,6,name.com,,,14/08/2026 06:30
b30350fd-9b56-4cd4-902c-8578aa89bcb5,barbel.limo,available,54.99,54.99,medium,low,6,namesilo,,,22/09/2026 04:47
9dff9eb6-f9f0-49e2-8da9-56056e7190d8,dude.limo,available,19.99,71.99,high,low,4,name.com,,,13/08/2026 17:07
d9321b27-a0f4-4276-ab03-4f215851600d,dance.limo,available,57.98,68.98,high,low,5,namecheap,,,24/09/2026 20:57
906c48cd-791b-4392-a25a-47d3ceae2661,schwartz.limo,available,54.99,54.99,high,low,8,namesilo,,,25/09/2026 15:46
270b0a91-b9e8-4c17-9739-108badc7a39b,doable.limo,available,54.99,54.99,high,low,6,namesilo,,,21/09/2026 15:46
6dbd3ed6-0678-446d-a1aa-3f4fd7740b30,predatory.limo,available,19.99,71.99,medium,low,9,name.com,,,24/08/2026 15:43
5190e54e-d941-4848-afb4-4b1f26abf8cb,focus.limo,available,54.99,54.99,high,medium,5,namesilo,,,19/09/2026 06:53
3fe3dec9-8947-4bb8-a43d-c3f8480b8e6a,coaxial.limo,available,19.99,71.99,medium,low,7,name.com,,,12/08/2026 14:16
ba143436-e1a4-411c-838c-f87b46f5fdd3,perceived.limo,available,19.99,,high,low,9,name.com,,,
b5bc79ab-3251-479d-a3fb-427f02bda186,waterflow.limo,available,19.99,,high,low,9,name.com,,,
84075129-9634-4248-af49-7dad562ab80e,victor.limo,available,,,high,medium,6,,,,
27bae8cc-860b-4e41-a008-8fcdf2bea1db,bawdy.limo,available,19.99,71.99,medium,low,5,name.com,,,09/08/2026 02:05
c933fc50-a892-4bf2-b066-e5aa22f34b34,erbium.limo,available,57.98,68.98,medium,low,6,namecheap,,,20/09/2026 23:37
da0efa4c-40ed-40d7-8df7-e75d626b1024,anhinga.limo,available,54.99,54.99,medium,low,7,namesilo,,,19/09/2026 08:18
181c9316-dedf-4f6d-a8a4-be256e74eae5,punctuate.limo,available,54.99,54.99,high,low,9,namesilo,,,16/09/2026 21:54
33c8c561-89dd-4781-ada1-742176973dfa,station.limo,available,54.99,54.99,high,low,7,namesilo,,,25/09/2026 10:03
8e4c0689-ec34-4cfc-8241-32fe49e4c210,airman.limo,available,54.99,54.99,high,low,6,namesilo,,,17/09/2026 13:10
9bedc6de-e896-456a-9ff5-e3ab60ecc125,grueling.limo,available,19.99,71.99,high,low,8,name.com,,,06/08/2026 16:45
1ebedcd5-37e7-4ba5-ba5d-6ad0b34807ea,asset.limo,available,54.99,54.99,high,low,5,namesilo,,,23/09/2026 06:32
d4532e76-444a-4e44-b057-394952211431,fungicide.limo,available,19.99,71.99,high,low,9,name.com,,,
0db89684-1e0b-4bdb-af6d-9de381d2d8a3,flatfoot.limo,available,54.99,54.99,medium,low,8,namesilo,,,10/09/2026 16:10
21b3201f-22bd-46ed-98af-ea91de650ec6,meditative.limo,available,19.99,71.99,high,low,10,name.com,,,11/08/2026 05:56
18024e2e-7d2e-4125-a2b4-1b971e70df3a,xlii.limo,available,19.99,71.99,medium,low,4,name.com,,,
bd3f492d-3f80-421b-9cfe-aa2bd94b57b3,technical.limo,available,57.98,68.98,high,low,9,namecheap,,,23/09/2026 20:19
9e280576-595f-4bd7-98cf-8258620dc62a,provinces.limo,available,54.99,54.99,medium,low,9,namesilo,,,18/09/2026 15:35
c6e7da3a-8958-4bf5-966f-8091ee760a73,thousand.limo,available,57.98,68.98,high,low,8,namecheap,,,21/09/2026 11:02
20bd9814-ed83-486e-8f24-4754a26fbcd3,esteemed.limo,available,19.99,71.99,high,low,8,name.com,,,17/08/2026 13:23
960c67d1-6c3a-4086-9e47-96586b4a6704,video.limo,available,19.99,71.99,high,medium,5,name.com,,,25/09/2026 15:08
88053efb-55fd-48ff-a921-351e2edd2498,fruitcake.limo,available,54.99,54.99,medium,low,9,namesilo,,,10/09/2026 00:13
9019f0b6-764a-4d57-9cbd-60f53d382f1a,job.limo,available,,,high,low,3,,,,
4db46607-09c9-4108-b5ce-c93eb1012d50,tangential.limo,available,19.99,71.99,medium,low,10,name.com,,,14/08/2026 07:29
daf717d2-5736-4547-937a-e89fd37c5bf3,bernard.limo,available,54.99,54.99,high,low,7,namesilo,,,23/09/2026 09:46
a8520d13-a7b1-41df-972b-23ee55f51a0c,unbleached.limo,available,54.99,54.99,medium,low,10,namesilo,,,12/09/2026 02:04
0d3f7b7b-06ad-4f41-9ae8-1c2e597d8a9d,repose.limo,available,57.98,68.98,high,low,6,namecheap,,,20/09/2026 19:37
1d942a52-c733-47e4-aabd-0735e08acda5,hearty.limo,available,19.99,71.99,high,low,6,name.com,,,21/08/2026 02:13
d58a3be8-d719-477f-891c-d2846a673adf,hectically.limo,available,57.98,68.98,medium,low,10,namecheap,,,14/09/2026 20:02
a4d59db2-8d9d-4687-9d51-f114ba16af80,burgess.limo,available,54.99,54.99,medium,low,7,namesilo,,,19/09/2026 13:35
79f5f0c8-73ce-4784-8131-7636aa883008,wheels.limo,available,54.99,54.99,high,low,6,namesilo,,,17/09/2026 12:21
01731f7c-bcb4-4814-8014-da1e4bcc0019,cheering.limo,available,19.99,71.99,high,low,8,name.com,,,12/08/2026 03:45
cf0b4165-9934-4b17-8f90-87da842cf51f,thin.limo,available,19.99,71.99,high,low,4,name.com,,,14/08/2026 07:47
41498f9c-bae4-459f-9939-443197184a75,discreetly.limo,available,54.99,54.99,high,low,10,namesilo,,,14/09/2026 13:04
2eda468d-b2ad-49c4-a72a-f9b6ae56b110,betoken.limo,available,54.99,54.99,medium,low,7,namesilo,,,21/09/2026 03:31
1998a6e1-fe8d-4657-864a-014851e0c39e,maker.limo,available,57.98,68.98,high,medium,5,namecheap,,,22/09/2026 01:52
808cf795-b6be-4b76-ba0e-5513c9bd099c,alertness.limo,available,54.99,54.99,high,low,9,namesilo,,,18/09/2026 05:27
145cf7ab-a6db-4697-9d89-b7f24ca57ef4,won.limo,available,19.99,,high,low,3,name.com,,,
7f77b0ee-9e8a-408c-901d-3d8f0fd8137e,rounded.limo,available,57.98,68.98,high,low,7,namecheap,,,19/09/2026 15:40
7ffa6cde-695f-4554-bd48-85b55643f88b,adjacent.limo,available,19.99,71.99,high,low,8,name.com,,,
294f716a-da40-4bde-9c08-19ba24ece43e,nyse.limo,available,19.99,,high,low,4,name.com,,,
a1880c0a-c36e-449e-a8e3-28c74b650849,traveling.limo,available,19.99,,high,low,9,name.com,,,
d12e4eb2-63fc-4bc3-a8b3-8da4bbb032f0,septenary.limo,available,19.99,71.99,medium,low,9,name.com,,,
15bfefdb-e13d-4d78-8b92-1f6db0ab10a1,apologia.limo,available,57.98,68.98,medium,low,8,namecheap,,,19/09/2026 18:44
5f1279e1-e4e6-4753-9552-e7a0f1aef51a,incident.limo,available,19.99,71.99,high,low,8,name.com,,,22/08/2026 01:19
1d534348-5b19-4f8b-82a0-26319ee7fd7c,bayer.limo,available,,,high,medium,5,,,,
91f0dd9a-6009-4617-8be4-7e722284e235,regulated.limo,available,54.99,54.99,high,low,9,namesilo,,,09/09/2026 13:06
fab46844-4601-4170-8e90-42ede852e8e7,affront.limo,available,54.99,54.99,medium,low,7,namesilo,,,17/09/2026 14:54
f13a9bf8-26f1-45cc-91e0-70336f668931,ascensive.limo,available,19.99,71.99,medium,low,9,name.com,,,07/08/2026 00:46
b59891f1-f077-4b82-84a8-25071aeec970,egoist.limo,available,19.99,71.99,medium,low,6,name.com,,,15/08/2026 19:43
d51d70e3-13a0-4fe3-9211-254600778bc9,taal.limo,available,19.99,71.99,medium,low,4,name.com,,,
560c8ee6-806a-47c6-aad7-4050dcc96b19,dijon.limo,available,54.99,54.99,high,low,5,namesilo,,,24/09/2026 22:19
aac82426-8da3-4ea3-abb4-a7c48a23b7c0,toffee.limo,available,19.99,71.99,high,low,6,name.com,,,11/08/2026 04:53
8cb37fb8-ca33-487d-973a-9af45c144b0d,wednesday.limo,available,54.99,54.99,high,low,9,namesilo,,,13/09/2026 09:32
36fed9d9-5f39-41c6-a48a-18c53e88ac17,rider.limo,available,19.99,,high,low,5,name.com,,,
87c5dced-3f67-46a1-9aa4-2b89b458eae2,pubescent.limo,available,54.99,54.99,high,low,9,namesilo,,,09/09/2026 05:15
735a9c26-575f-4fad-b59f-bfee1168711f,pages.limo,available,54.99,54.99,high,low,5,namesilo,,,17/09/2026 10:38
593aa8ab-e3dd-41c4-b6d9-27ae1d07c0eb,energetic.limo,available,19.99,71.99,high,low,9,name.com,,,17/08/2026 05:58
014fbf2e-bc62-433b-9249-b534b9ed5b02,isentropic.limo,available,19.99,71.99,medium,low,10,name.com,,,22/08/2026 10:44
c85efa84-f5fc-4073-88dc-d49c2c6e63d5,become.limo,available,19.99,,high,low,6,name.com,,,
2d7f007a-eba4-4927-9326-a83f51527218,whisper.limo,available,54.99,54.99,high,low,7,namesilo,,,13/09/2026 11:38
ecc84fc9-a198-4b52-8fa6-a09c7a75069f,achromic.limo,available,19.99,71.99,medium,low,8,name.com,,,
80079c20-9cb5-40c1-9fc9-d96fc2fcb58c,vacations.limo,available,54.99,54.99,high,low,9,namesilo,,,20/09/2026 00:12
3c950728-c664-422c-8f96-0bdf8b19a38c,legato.limo,available,19.99,71.99,high,low,6,name.com,,,22/08/2026 22:53
c7975be5-fffa-4b78-8f3c-7c48eb88e347,playlists.limo,available,54.99,54.99,medium,low,9,namesilo,,,21/09/2026 09:24
b023a04a-b14d-400a-bc7a-578cb7947687,cements.limo,available,54.99,54.99,medium,low,7,namesilo,,,20/09/2026 09:07
57b6b486-d20d-406c-b9a9-8bb118fb9103,belching.limo,available,54.99,54.99,medium,low,8,namesilo,,,23/09/2026 04:36
648f667f-9f9e-42c2-881c-6babc49950b3,effect.limo,available,19.99,,high,low,6,name.com,,,
18491c24-ad6c-45de-86f7-3c6b198e0a49,viviparous.limo,available,19.99,71.99,medium,low,10,name.com,,,24/08/2026 07:53
fc3c3895-1525-4e6a-b163-9e17bfcedd37,arcturus.limo,available,54.99,54.99,medium,low,8,namesilo,,,20/09/2026 03:01
d825c441-fc7e-4e8f-8bec-47f242e7052d,abstractly.limo,available,54.99,54.99,medium,low,10,namesilo,,,13/09/2026 16:42
b49e7ff4-67bf-4bdc-b611-95947bc7cf0c,semipublic.limo,available,54.99,54.99,medium,low,10,namesilo,,,10/09/2026 03:17
69bce1d3-d097-417c-8775-750a3c448d89,voltaire.limo,available,54.99,54.99,high,low,8,namesilo,,,20/09/2026 08:29
ae106bc4-10ce-4399-872a-05cd5b321dc6,vertebral.limo,available,54.99,54.99,medium,low,9,namesilo,,,13/09/2026 04:33
9f8c6504-564d-4587-a3e0-40343c0216b8,songbirds.limo,available,57.98,68.98,medium,low,9,namecheap,,,21/09/2026 08:44
3770ae10-46a5-4591-923c-ac6607cae2c5,formidable.limo,available,19.99,71.99,high,low,10,name.com,,,18/08/2026 12:12
6f6aab61-a506-4de3-83cc-c0f6875891c8,baboon.limo,available,54.99,54.99,high,low,6,namesilo,,,21/09/2026 12:58
8f55cc2c-0647-42c0-bc36-9440d0d1eaf6,pursuit.limo,available,54.99,54.99,high,low,7,namesilo,,,21/09/2026 09:41
60e05ce4-22d1-4bea-99f4-89ef12e30d52,tummy.limo,available,19.99,71.99,high,low,5,name.com,,,22/09/2026 17:49
70048d24-d202-4f1c-841d-50ead7dc2d22,insofar.limo,available,54.99,54.99,medium,low,7,namesilo,,,15/09/2026 06:43
55423fae-44e9-469b-bdba-ee229b2a720d,dart.limo,available,19.99,71.99,high,low,4,name.com,,,18/08/2026 07:49
23e9ae48-55bb-4911-8872-1e2d7911680e,capitol.limo,available,19.99,,high,low,7,name.com,,,
13c28d9c-563f-4449-a48f-a3786e3c85cd,asdic.limo,available,54.99,54.99,medium,low,5,namesilo,,,20/09/2026 13:30
1ae1bd07-a54b-434c-a8fa-1a9ca369a3e8,additions.limo,available,54.99,54.99,medium,low,9,namesilo,,,18/09/2026 16:32
5ac3c5be-f0fc-4fa1-b666-744d963e2b2d,airdrome.limo,available,54.99,54.99,high,low,8,namesilo,,,17/09/2026 12:57
b7a934ce-9af9-4966-ac6c-5f22eaa9205e,heedful.limo,available,19.99,71.99,medium,low,7,name.com,,,
cdb65e02-1143-4c46-b745-eacc0e3ab7b6,returnable.limo,available,54.99,54.99,high,low,10,namesilo,,,09/09/2026 15:55
10970f1f-040b-4ba2-8c5e-531ae536f18c,softback.limo,available,54.99,54.99,high,low,8,namesilo,,,05/09/2026 01:13
010c786e-bfb0-4fa0-ae60-aa730f1fb091,ebooks.limo,available,54.99,54.99,high,low,6,namesilo,,,18/09/2026 08:29
3134bfa1-c389-472c-aa69-eb5e6c589f46,camping.limo,available,19.99,,high,low,7,name.com,,,
0e9efc2f-db4c-44af-9810-29bc1288f33f,abstruse.limo,available,19.99,71.99,medium,low,8,name.com,,,
42023b3b-076a-4bbd-921c-f38bc07c9490,opt.limo,available,19.99,,high,low,3,name.com,,,
a30d8e4a-40db-4632-90c7-efb9425bb417,flexibly.limo,available,57.98,68.98,medium,low,8,namecheap,,,14/09/2026 18:58
7216a46d-409d-4917-afeb-b1ea9c080728,griffon.limo,available,57.98,68.98,medium,low,7,namecheap,,,23/09/2026 05:02
0f197ba3-5f22-494c-a777-b263f5098b3a,osmium.limo,available,54.99,54.99,medium,low,6,namesilo,,,20/09/2026 23:48
b6452c67-b60b-4591-ac25-5fa34fb2adfb,speak.limo,available,19.99,,high,low,5,name.com,,,
d635694e-515e-489c-bd6e-90d60d5c8935,aerate.limo,available,57.98,68.98,high,low,6,namecheap,,,17/09/2026 21:35
dd7e4d62-2340-4984-bbca-a548c838c135,torture.limo,available,19.99,71.99,high,low,7,name.com,,,11/09/2026 18:03
5854199a-3250-40c0-bc65-d1ca807d844e,earth.limo,available,19.99,,high,medium,5,name.com,,,
7b27471a-eb42-4421-8745-8a7a3c9b94e6,plait.limo,available,57.98,68.98,high,low,5,namecheap,,,24/09/2026 07:55
d56a3c0c-14d0-4318-87d1-db1beb62150a,begin.limo,available,57.98,68.98,high,low,5,namecheap,,,23/09/2026 09:05
cfe77c9a-4d71-4963-a91a-544849dcee82,introduce.limo,available,19.99,,high,low,9,name.com,,,
13ec4d33-1e73-41b3-b3e4-685c885eef66,berserker.limo,available,19.99,71.99,medium,low,9,name.com,,,09/08/2026 15:17
9c36ab00-1ae2-4123-817f-a9eb4dcc43aa,adept.limo,available,54.99,54.99,high,low,5,namesilo,,,21/09/2026 17:17
ad2eab4e-eaa6-4bfd-9721-91f2c71fa94d,innocuous.limo,available,19.99,71.99,high,low,9,name.com,,,22/08/2026 05:56
48d628f7-a679-414a-9e62-2ec239192da0,evidently.limo,available,57.98,68.98,high,low,9,namecheap,,,08/09/2026 20:21
b6dc2507-eed2-4bbd-9ed5-1fa6ea178278,separable.limo,available,19.99,71.99,medium,low,9,name.com,,,14/08/2026 12:50
26879ae3-9717-48b5-9fa0-d95eb859aacf,fleshly.limo,available,19.99,71.99,medium,low,7,name.com,,,
49f256b9-9b6b-4948-8a2e-4b4a18abcf12,bile.limo,available,54.99,54.99,medium,low,4,namesilo,,,23/09/2026 15:41
79d48d36-de52-4cff-b09e-a0d9a598fa79,mao.limo,available,19.99,,high,low,3,name.com,,,
491c5983-f6a1-4ac3-92d1-a40cfdd054c9,reassuring.limo,available,54.99,54.99,high,low,10,namesilo,,,09/09/2026 11:14
4c818319-b09d-49d6-aa0c-65570f884a92,screwing.limo,available,19.99,71.99,medium,low,8,name.com,,,18/08/2026 17:28
8987b043-026d-4080-be41-3ffae5daa52b,puckish.limo,available,19.99,71.99,medium,low,7,name.com,,,21/08/2026 22:29
72d4387c-a0ef-4733-8125-99e6d844ccc4,enmeshed.limo,available,19.99,71.99,medium,low,8,name.com,,,17/08/2026 09:39
ec2d7555-9221-4a25-a02f-5057bf59f912,contrived.limo,available,19.99,71.99,medium,low,9,name.com,,,12/08/2026 23:42
1fc79ab4-9060-4e9d-b2f3-5e5a1645bf51,aseptic.limo,available,54.99,54.99,high,low,7,namesilo,,,22/09/2026 09:33
ad7929d3-6399-4fb8-8c12-5d495361beb6,electoral.limo,available,19.99,71.99,high,low,9,name.com,,,16/08/2026 02:37
7d9cf31b-4abd-4e16-a44e-b610d2d794fd,diplomat.limo,available,19.99,,high,low,8,name.com,,,
f992415e-2900-4ca2-bbac-46a23ad76836,have.limo,resell,,,high,low,4,"Sav.com, LLC",09/09/2025 23:08,09/09/2027 23:08,26/09/2026 06:35
695278af-30cb-4254-96ce-cb9a5a79e594,pettifog.limo,available,54.99,54.99,medium,low,8,namesilo,,,23/09/2026 13:20
104aedd5-8b06-4f81-9dac-71cb65bda802,showcase.limo,available,19.99,,high,low,8,name.com,,,
2e7498d1-ecaf-45ec-900c-d4d30f32eac5,disclaimer.limo,available,54.99,54.99,high,low,10,namesilo,,,24/09/2026 22:28
cb89ee18-a1e9-4859-8d14-8f0afbb8d381,aimless.limo,available,19.99,71.99,medium,low,7,name.com,,,
cd233342-1dd6-4a5d-a7d2-217764c2448d,coventry.limo,available,54.99,54.99,high,low,8,namesilo,,,22/09/2026 02:09
930913f4-ae1f-4a9f-9ed4-91ee43302477,batter.limo,available,54.99,54.99,high,low,6,namesilo,,,22/09/2026 14:16
aee19962-eb71-4f0a-8f71-865f34ec4a9c,straw.limo,available,54.99,54.99,high,low,5,namesilo,,,10/09/2026 22:03
aeb6ba41-5c4e-4ec7-b3fa-25a4f44b68f0,indefinite.limo,available,54.99,54.99,high,low,10,namesilo,,,25/09/2026 09:08
9d1146aa-e08d-4026-800a-993b22e827c6,bathhouse.limo,available,57.98,68.98,high,low,9,namecheap,,,22/09/2026 13:35
a302633d-d50f-4513-919e-1bba3b87f224,clement.limo,available,19.99,71.99,high,low,7,name.com,,,12/08/2026 10:42
c2af1f86-d477-475c-ba34-a94e0928db5c,inflexibly.limo,available,54.99,54.99,medium,low,10,namesilo,,,15/09/2026 08:16
92292345-67d8-41fb-95a3-187bff74f92f,chirpy.limo,available,19.99,71.99,high,low,6,name.com,,,12/08/2026 06:03
a8f8f0e0-3139-4f35-9432-711f2aac459d,beryllium.limo,available,54.99,54.99,medium,low,9,namesilo,,,20/09/2026 23:00
516d0bfb-d2a1-4bb1-bded-1293031fbb5f,numberless.limo,available,19.99,71.99,high,low,10,name.com,,,13/08/2026 03:42
c608372e-669d-4bde-a33d-a8b0d71959d1,wheaten.limo,available,54.99,54.99,medium,low,7,namesilo,,,13/09/2026 11:15
fa4c07da-206d-43e9-991a-549fa0b929d3,meaning.limo,available,57.98,68.98,high,low,7,namecheap,,,25/09/2026 18:26
200a531c-3784-40c4-808b-1f0949303f41,enlighten.limo,available,19.99,,high,low,9,name.com,,,
e7c23d25-4a88-4cb3-858a-b1da3223660f,savory.limo,available,19.99,71.99,high,low,6,name.com,,,25/08/2026 08:48
ca2c52a1-4896-4803-bcf7-4254a6d561b1,prints.limo,available,57.98,68.98,high,low,6,namecheap,,,17/09/2026 13:53
dd486c7d-9406-4541-a147-66601dd83db4,aluminium.limo,available,54.99,54.99,high,low,9,namesilo,,,18/09/2026 00:20
6e20c124-e67f-4d91-bc75-2f1e8d594957,fellow.limo,available,54.99,54.99,high,low,6,namesilo,,,22/09/2026 21:55
9ec93e01-b362-4b0d-9bbb-0a93d820437f,treachery.limo,available,54.99,54.99,medium,low,9,namesilo,,,23/09/2026 11:23
1a3a78a9-69b7-417a-bd93-33f2dd8e49ed,plumbers.limo,available,57.98,68.98,medium,low,8,namecheap,,,20/09/2026 11:13
5b498685-977a-4591-be16-d0bf75a49232,voidable.limo,available,54.99,54.99,medium,low,8,namesilo,,,09/09/2026 14:47
fc44d3b3-c63e-41cb-8b1e-9641e487c82f,above.limo,available,54.99,54.99,high,low,5,namesilo,,,21/09/2026 14:29
db49319d-e817-4642-910a-eca842976e22,mothafucker.limo,available,19.99,,medium,low,11,name.com,,,
1f19913d-9a28-4e9b-8150-ef1eef1577b7,alan.limo,available,54.99,54.99,high,low,4,namesilo,,,25/09/2026 11:29
4abe65f0-4c02-4572-9ddf-09fb77f8e273,faultless.limo,available,19.99,71.99,high,low,9,name.com,,,18/08/2026 00:05
86a8ed45-7d48-4511-b6fb-a2dbfd82368a,contemplating.limo,available,54.99,54.99,low,low,13,namesilo,,,18/09/2026 04:50
f65ebee2-d419-4e60-a338-0684f6f9ea48,boxy.limo,available,19.99,71.99,medium,low,4,name.com,,,10/08/2026 23:58
13a43df6-2b93-40cf-91c0-85e7899bdb23,audiotape.limo,available,54.99,54.99,high,low,9,namesilo,,,21/09/2026 03:01
9e8dd08c-04d6-424e-8855-e4d10e35e102,steadied.limo,available,57.98,68.98,medium,low,8,namecheap,,,10/09/2026 19:30
5214f4c1-773c-42f9-a287-0a93233a356a,baptism.limo,available,57.98,68.98,high,low,7,namecheap,,,22/09/2026 03:27
c154881f-bf88-45c5-b33c-5ef7d0908084,orchestra.limo,available,19.99,,high,low,9,name.com,,,
6465f73c-1ce2-4e77-8787-6464be1d0ac9,andy.limo,available,54.99,54.99,high,medium,4,namesilo,,,25/09/2026 12:45
fcb3d418-331f-482f-8403-0f067e6e42c5,roasted.limo,available,19.99,,high,low,7,name.com,,,
9f4fe68e-77d1-4f59-a320-3cb45b6814a0,anything.limo,available,19.99,,high,low,8,name.com,,,
0f1413db-dcac-4825-af43-e2b6569474ac,inbred.limo,available,19.99,71.99,medium,low,6,name.com,,,22/08/2026 00:42
c444649c-ff4e-424b-903c-cc09f2d9c71c,indigotin.limo,available,19.99,71.99,medium,low,9,name.com,,,22/08/2026 03:05
1c75b2f7-12c9-442c-90a6-c989388aed6b,savvy.limo,available,54.99,54.99,high,low,5,namesilo,,,12/09/2026 07:40
767435d9-bcd7-47a1-b288-c34c5e64789a,respected.limo,available,19.99,,high,low,9,name.com,,,
33b0b8e9-348e-4057-a7dd-7136c79ea334,algebraic.limo,available,19.99,71.99,high,low,9,name.com,,,
71622d85-3c63-4e23-aa34-995e3fe68592,omen.limo,available,19.99,,high,low,4,name.com,,,
db3621c1-46aa-4ac5-8a5f-3d993c55a791,ampere.limo,available,54.99,54.99,high,low,6,namesilo,,,18/09/2026 23:06
bbaf9509-38a0-4ef4-824e-cf56fc997ffc,antiracist.limo,available,19.99,,high,low,11,name.com,,,
1f217e0e-bb0c-468f-8647-6362884485c1,tapering.limo,available,19.99,71.99,high,low,8,name.com,,,14/08/2026 21:50
5bafb14b-7466-406a-a203-e14db318f362,constable.limo,available,54.99,54.99,high,low,9,namesilo,,,24/09/2026 17:31
de2943db-4bc9-407f-9ae3-1db4ef80788d,hypertonic.limo,available,19.99,71.99,medium,low,10,name.com,,,21/08/2026 16:56
5c310683-034d-4f6b-823d-7aaf7c05673a,gus.limo,available,54.99,54.99,high,low,3,namesilo,,,25/09/2026 15:07
5681f9e0-7df8-41e0-9012-00916bb94602,freshness.limo,available,54.99,54.99,high,low,9,namesilo,,,24/09/2026 14:06
192be39c-b65d-4e3e-9cd7-c802adcb1fa8,refractory.limo,available,19.99,71.99,medium,low,10,name.com,,,18/08/2026 13:55
0afb104b-7277-42e9-aa54-3c7c02b7503b,animalism.limo,available,54.99,54.99,medium,low,9,namesilo,,,19/09/2026 08:55
f14f4b64-fb90-4e9b-a33b-690335f650a6,bountiful.limo,available,19.99,71.99,high,low,9,name.com,,,09/08/2026 20:52
b05e3585-831f-41d4-b1ae-84b47800ca65,gizmo.limo,available,54.99,54.99,high,low,5,namesilo,,,19/09/2026 21:49
b0ee5eac-9047-4131-bc2b-86add3e3aaaf,helpful.limo,available,19.99,71.99,high,low,7,name.com,,,21/08/2026 06:37
e3a00078-1cbb-4396-b264-ddeea8a30405,reports.limo,available,54.99,54.99,high,low,7,namesilo,,,18/09/2026 16:26
40b49f30-9592-48d9-bcfb-ee6791fb0852,bending.limo,available,57.98,68.98,high,low,7,namecheap,,,23/09/2026 07:44
36a2aaa7-1883-4af4-9912-da0a6a584400,sciolist.limo,available,19.99,71.99,medium,low,8,name.com,,,14/08/2026 07:43
b83db7ec-c2d5-4b5d-84ef-0f98a9e437cd,kelly.limo,available,57.98,68.98,high,low,5,namecheap,,,25/09/2026 05:33
58fe4f97-e018-445e-9ace-16cca4e51927,legal.limo,available,19.99,71.99,high,medium,5,name.com,,,22/08/2026 22:52
cdcb83e2-15db-4592-b2fa-b4a1be9f9725,conceptive.limo,available,19.99,71.99,medium,low,10,name.com,,,12/08/2026 20:03
56ed704e-2fba-4850-a625-cb5dd745ee6e,beroe.limo,available,54.99,54.99,medium,low,5,namesilo,,,23/09/2026 10:02
394985ed-2210-4769-a41b-e5ecfb793281,frisky.limo,available,19.99,71.99,high,low,6,name.com,,,18/08/2026 16:02
2bb591be-92a3-4601-a357-5d40ec6cdb0a,sufficient.limo,available,19.99,,high,low,10,name.com,,,
f48663e1-cddf-4534-8dbc-13cbcad77420,cure.limo,available,54.99,54.99,high,low,4,namesilo,,,24/09/2026 03:52
973a908d-be1b-4d96-83ce-2b8e23c2fa8c,universally.limo,available,19.99,,high,low,11,name.com,,,
7d39b52f-2ce4-4b97-86c4-bb13ce854f97,operated.limo,available,19.99,,high,low,8,name.com,,,
696ae248-72fc-4b49-b914-745948e2e5dc,creole.limo,available,19.99,71.99,high,low,6,name.com,,,13/08/2026 06:07
f2591ceb-74af-40bf-bdb6-96cddaf57460,tinny.limo,available,19.99,71.99,medium,low,5,name.com,,,11/08/2026 09:06
ca62ec27-fa88-43b9-901b-42981b593653,forget.limo,available,19.99,,medium,low,6,name.com,,,
d71cd42c-bd76-4308-b59c-959c54542957,aerophagia.limo,available,54.99,54.99,medium,low,10,namesilo,,,17/09/2026 13:11
05fbd166-b8ee-439b-8c24-60b9b0c9c721,return.limo,available,57.98,68.98,high,low,6,namecheap,,,19/09/2026 03:27
cb64768d-97ca-48d7-b83a-63cfbe1be61f,glanced.limo,available,54.99,54.99,medium,low,7,namesilo,,,18/09/2026 01:59
0ea20015-ebc1-41d9-a638-3f7947ab70ec,iffy.limo,available,19.99,71.99,medium,low,4,name.com,,,18/08/2026 09:22
6fdb9854-a2a5-4e77-9dcd-a0bf2b22f9f0,doyle.limo,available,54.99,54.99,high,low,5,namesilo,,,25/09/2026 12:42
3de5f6fd-2319-48f5-93ee-675aca5d2663,hubert.limo,available,54.99,54.99,medium,low,6,namesilo,,,25/09/2026 16:58
cb296f13-25e2-469a-bc36-5611deadce45,bethel.limo,available,54.99,54.99,high,low,6,namesilo,,,23/09/2026 11:13
27d0936f-a410-4aa9-a2b0-a4fa282b12ad,taxonomic.limo,available,54.99,54.99,medium,low,9,namesilo,,,11/09/2026 09:30
94efe78c-bb15-4d8f-9dc3-515e721debf7,unguarded.limo,available,54.99,54.99,medium,low,9,namesilo,,,12/09/2026 11:39
af883d17-6b3f-47a1-ba7b-0faa85fbce1e,mckinley.limo,available,54.99,54.99,high,low,8,namesilo,,,25/09/2026 04:51
6df77bb7-7602-453b-b719-7167e0cfc695,hewitt.limo,available,54.99,54.99,high,low,6,namesilo,,,25/09/2026 15:59
4af4ff83-b4bf-4e60-b36c-5d55f2480971,araguaia.limo,available,54.99,54.99,medium,low,8,namesilo,,,19/09/2026 23:45
f22ca482-0ca0-4983-85d6-082c9466aaaf,assaulter.limo,available,54.99,54.99,medium,low,9,namesilo,,,17/09/2026 17:42
e0aeae32-bf10-491a-903e-f4be3f9a01f8,persian.limo,available,19.99,71.99,high,low,7,name.com,,,22/08/2026 09:41
5c5e69c3-537c-4520-b0ae-a267d3146063,virago.limo,available,54.99,54.99,medium,low,6,namesilo,,,18/09/2026 16:19
8cfa2a5c-a91f-43fe-ba9e-b43196729f45,causally.limo,available,54.99,54.99,medium,low,8,namesilo,,,14/09/2026 06:01
1f66c5ef-d28b-41a8-8478-5363f9943f09,din.limo,available,19.99,71.99,high,low,3,name.com,,,10/08/2026 13:17
35ecc95e-3a8c-470c-b558-3e0fd2249e7f,charmed.limo,available,19.99,71.99,high,low,7,name.com,,,09/08/2026 09:57
1ebc6276-845b-4761-952b-d8d37718baee,sneezed.limo,available,54.99,54.99,low,low,7,namesilo,,,20/09/2026 15:10
97792b00-1628-49de-8d70-f11def8d2788,flinty.limo,available,19.99,71.99,medium,low,6,name.com,,,18/08/2026 08:18
ccb342eb-3f2e-4aa5-b968-3738486ef850,rebel.limo,available,19.99,71.99,high,medium,5,name.com,,,22/08/2026 07:47
aa220322-0b35-4bde-b6c9-88be1a0395f7,references.limo,available,54.99,54.99,high,low,10,namesilo,,,18/09/2026 16:07
38310de5-52f0-4833-8d7b-67d88e40d0c5,bicorn.limo,available,19.99,71.99,medium,low,6,name.com,,,09/08/2026 19:30
a3a1f9c3-7627-4060-8670-329cc68993f3,swap.limo,available,19.99,,high,low,4,name.com,,,
64e9f953-85e8-461b-a2db-c043c5bef0c7,bombproof.limo,available,19.99,71.99,high,low,9,name.com,,,10/08/2026 18:09
89e6315f-b0cb-46cd-be9c-a1fea39cb3db,beat.limo,available,57.98,68.98,high,low,4,namecheap,,,22/09/2026 18:37
6b46de52-bcb6-4d6b-b2dd-43116a320038,sticky.limo,available,19.99,71.99,high,low,6,name.com,,,16/08/2026 07:55
25c1247f-56c6-42d3-917c-a3f55693a367,responded.limo,available,57.98,68.98,medium,low,9,namecheap,,,18/09/2026 18:02
6a0e3d0f-1cce-4e5b-a7db-c52285a64c24,backless.limo,available,19.99,71.99,medium,low,8,name.com,,,08/08/2026 05:48
a2721b26-56c4-478c-93d4-9b85a9ed65b7,wastewater.limo,available,19.99,71.99,medium,low,10,name.com,,,15/08/2026 15:34
8839d4ac-1ac2-431f-a96f-c4768d9ca131,optical.limo,available,54.99,54.99,high,low,7,namesilo,,,04/09/2026 00:42
105364a6-1a48-4221-8634-c2e887d5ba47,acts.limo,available,19.99,,high,low,4,name.com,,,
3ba2d3fa-9bcc-4429-8552-df0ef013ce43,years.limo,available,19.99,,high,low,5,name.com,,,
6def0e2a-716c-40ea-9ad6-c30498a595da,bicuspid.limo,available,19.99,71.99,high,low,8,name.com,,,09/08/2026 19:44
5d6ec9ba-de71-4409-81fe-01e104083879,drizzly.limo,available,19.99,71.99,medium,low,7,name.com,,,14/08/2026 19:32
a30d2b88-2992-4c37-9e50-d0752c8b29c4,disabling.limo,available,19.99,71.99,medium,low,9,name.com,,,13/08/2026 07:09
5c70168e-f8c6-4b2a-81d6-4fe64c40c0cb,sodium.limo,available,54.99,54.99,high,low,6,namesilo,,,20/09/2026 22:13
068a880c-ee7a-423b-86f1-2325d00469fd,squiggly.limo,available,54.99,54.99,medium,low,8,namesilo,,,10/09/2026 17:43
7b324dca-f9ab-43ce-b182-597145e1a369,evitable.limo,available,19.99,71.99,medium,low,8,name.com,,,07/08/2026 22:45
44c99fd4-8666-4e3e-b935-4adcaef4972a,andantino.limo,available,19.99,71.99,medium,low,9,name.com,,,
54f2ec13-6cbc-4225-bfd0-c4ed6cf76eac,lustfully.limo,available,54.99,54.99,medium,low,9,namesilo,,,15/09/2026 13:12
13fabf29-c61a-4539-ab46-804c6c55c4d2,excavate.limo,available,19.99,71.99,high,low,8,name.com,,,21/08/2026 10:33
ed521aea-b157-4527-a872-0c1be7545e34,font.limo,available,57.98,68.98,high,low,4,namecheap,,,22/09/2026 03:31
39fc6867-93f9-453d-8330-4bbfbfdec07f,improbably.limo,available,54.99,54.99,medium,low,10,namesilo,,,15/09/2026 02:27
739765db-e370-4047-839f-1a81019eea76,molal.limo,available,19.99,71.99,medium,low,5,name.com,,,25/08/2026 03:31
4792c14d-66f6-45ae-869e-1a2ba55f3b33,offish.limo,available,54.99,54.99,low,low,6,namesilo,,,04/09/2026 01:35
7dcaec85-79aa-455a-b42a-1e9117fb69a2,thus.limo,available,19.99,,high,low,4,name.com,,,
84db8b66-f22d-4d22-8d19-7e47beb6a508,fingers.limo,available,19.99,,medium,low,7,name.com,,,
011a68dd-d114-4b99-86fb-b7905ae47cfd,plaguy.limo,available,19.99,71.99,medium,low,6,name.com,,,
276f3699-4a2e-431e-b5dc-39143e78f15d,aural.limo,available,54.99,54.99,high,low,5,namesilo,,,22/09/2026 12:49
7906ebd1-dff3-4d06-8181-a10671a1234f,squarely.limo,available,19.99,71.99,medium,low,8,name.com,,,18/08/2026 12:39
fab4d591-36f3-4f96-9ca8-46e5c53be011,convince.limo,available,19.99,,high,low,8,name.com,,,
16f22f9a-db4d-4af3-b1c8-675677eeed48,frog.limo,available,19.99,71.99,high,low,4,name.com,,,05/08/2026 21:03
b5511399-4a36-4a14-9599-6f071409f62b,xxiv.limo,available,19.99,71.99,high,low,4,name.com,,,
4048a110-d382-4ed0-bbfd-027a2eec657d,minoan.limo,available,19.99,71.99,medium,low,6,name.com,,,24/08/2026 23:59
901c4671-dc33-4de6-84b4-f0294244530b,belfry.limo,available,54.99,54.99,high,low,6,namesilo,,,23/09/2026 04:56
c76e97e4-daff-4754-a3cc-ed7efca37b17,fierce.limo,available,57.98,68.98,high,low,6,namecheap,,,23/09/2026 01:48
1390dd3f-6bb8-4905-a210-dba933c23164,instant.limo,available,57.98,68.98,high,medium,7,namecheap,,,24/09/2026 02:22
f043cf5d-b660-4907-9d08-a12281550d62,waxwork.limo,available,57.98,68.98,medium,low,7,namecheap,,,18/09/2026 19:16
ddb9074f-19dd-42b7-b633-26854f14289b,asocial.limo,available,19.99,71.99,medium,low,7,name.com,,,07/08/2026 04:36
ed858d64-7abe-4f8b-b9ef-b3c6a18dc113,beriberi.limo,available,54.99,54.99,medium,low,8,namesilo,,,23/09/2026 09:23
8921a478-6ab5-4c57-9ccf-65fc57aa440d,grizzly.limo,available,19.99,71.99,high,low,7,name.com,,,20/08/2026 19:16
e8e66a4e-1376-4a5a-9681-a4eabbedf71b,aare.limo,available,54.99,54.99,high,low,4,namesilo,,,16/09/2026 13:18
d06e7488-155a-4ebc-bfbe-0ab4862f73d3,dubious.limo,available,19.99,71.99,high,low,7,name.com,,,14/08/2026 16:57
76deeff8-ef59-4a19-8187-7a6df2ae6ab6,uneventful.limo,available,19.99,71.99,medium,low,10,name.com,,,12/09/2026 09:21
3431d8a5-04a5-4f79-8e7f-becba51cdcc0,errant.limo,available,19.99,71.99,high,low,6,name.com,,,17/08/2026 12:44
2f7f46fe-fd6e-42b7-b8cc-a9fd6f6738b6,hic.limo,available,19.99,,high,low,3,name.com,,,
1200d5a8-b858-4cc8-996d-3ceb6abf9d74,allow.limo,available,19.99,71.99,high,low,5,name.com,,,06/08/2026 09:03
cf1244c3-9d61-4107-9044-df0921b3ea4c,wapiti.limo,available,54.99,54.99,medium,low,6,namesilo,,,18/09/2026 19:45
cf9c1dad-1798-4674-9db6-51e8395c7db7,bmus.limo,available,54.99,54.99,medium,low,4,namesilo,,,21/09/2026 14:14
5d6f616e-21cb-4694-b11d-aff3f3be221d,blackened.limo,available,19.99,71.99,medium,low,9,name.com,,,10/08/2026 11:47
254f0198-6f35-4807-8574-9c1084ae96ec,roofless.limo,available,19.99,71.99,medium,low,8,name.com,,,14/08/2026 12:09
cbf6c72a-c302-4978-b147-f98db68a1966,papillary.limo,available,54.99,54.99,medium,low,9,namesilo,,,05/09/2026 01:21
c3f553dd-b4be-4862-a94a-753f769ddaf2,surveys.limo,available,54.99,54.99,medium,low,7,namesilo,,,17/09/2026 07:59
34b38a45-3360-4422-8cae-020330971eb8,assets.limo,available,57.98,68.98,high,low,6,namecheap,,,20/09/2026 16:21
86363baf-d6ae-4991-8526-d6c632f7abd8,hysteric.limo,available,19.99,71.99,medium,low,8,name.com,,,21/08/2026 17:20
a0e87e2f-5ade-46de-870c-36ab6a8fabc1,bureaucrat.limo,available,54.99,54.99,high,low,10,namesilo,,,17/09/2026 08:44
118979b7-b902-4731-82e2-8065a0fbb2ca,oblong.limo,available,54.99,54.99,medium,low,6,namesilo,,,03/09/2026 23:48
0cf9a79a-93c7-4249-878a-24849ad42b91,fixed.limo,available,57.98,68.98,high,low,5,namecheap,,,24/09/2026 19:10
62ff5e00-9525-4267-9421-863016ce8b70,anaerobic.limo,available,19.99,71.99,medium,low,9,name.com,,,
dfa218f3-473e-48e0-b1f8-00675abb18f9,vii.limo,available,19.99,71.99,high,low,3,name.com,,,
89381e6c-6da3-4d7b-b379-fdf917a673a6,frantic.limo,available,19.99,71.99,high,low,7,name.com,,,18/08/2026 14:15
f437d010-19ea-4745-a08b-1c0c88c2b8a5,snobbish.limo,available,19.99,71.99,medium,low,8,name.com,,,12/08/2026 11:21
d5e83e7a-e8f9-459c-9dc5-2f635d5bc0fa,ancillary.limo,available,19.99,71.99,high,low,9,name.com,,,
9cca0cac-bc97-467c-8579-ae8692f0f647,tinned.limo,available,54.99,54.99,medium,low,6,namesilo,,,11/09/2026 16:17
ee41460a-c377-40bf-9d0d-dc226c2ae075,bulletin.limo,available,54.99,54.99,high,low,8,namesilo,,,24/09/2026 11:08
b863544f-b1b0-4852-a472-7cedda9ff259,hedge.limo,available,19.99,,high,low,5,name.com,,,
5620c7be-e0d2-407b-9d90-eca10cefc83a,lots.limo,available,19.99,,high,low,4,name.com,,,
f1430d5c-5280-4610-9a0f-4c9032b0aaf9,marble.limo,available,19.99,,high,low,6,name.com,,,
1e5f3882-89c2-4c1e-87d7-61340b0c38d3,dowdy.limo,available,19.99,71.99,medium,low,5,name.com,,,14/08/2026 17:09
b879dc55-56c4-40ac-b5d7-4b78cddd1704,inwardly.limo,available,54.99,54.99,medium,low,8,namesilo,,,15/09/2026 09:18
b81a667d-a31c-43c8-8e5a-15304e6c9b43,atomizer.limo,available,54.99,54.99,high,low,8,namesilo,,,21/09/2026 00:18
773da1d0-022e-4d0d-8252-4fa6f63e433f,moslem.limo,available,19.99,71.99,high,low,6,name.com,,,22/08/2026 10:47
fa6169b4-e23c-4c0b-9cec-db216b28029d,seeming.limo,available,19.99,,high,low,7,name.com,,,
3ffaa9df-4fa7-4387-99e2-67f4444304ff,continual.limo,available,54.99,54.99,high,low,9,namesilo,,,23/09/2026 22:10
3d0d331c-e590-4eac-a490-e9694dccf391,cadillac.limo,available,19.99,,high,low,8,name.com,,,
5de224b7-36fa-4271-9b94-eb68c0bdf924,moonlit.limo,available,19.99,71.99,high,low,7,name.com,,,25/08/2026 05:56
1036dade-ff77-4914-8d64-8bc581fc3120,alderman.limo,available,54.99,54.99,medium,low,8,namesilo,,,18/09/2026 04:34
4d403fdd-d001-4d6e-8cd6-ee41b2c77579,jolted.limo,available,19.99,71.99,medium,low,6,name.com,,,22/08/2026 13:55
71b79743-8e4e-4f51-a9c8-f63aacd7e1f9,rely.limo,available,19.99,,high,low,4,name.com,,,
1c9e833f-ec03-400c-b032-3a142dccd3d3,protocol.limo,available,54.99,54.99,high,low,8,namesilo,,,24/09/2026 16:37
710b0749-b2e3-4a5e-ba50-ff1f23fb3a71,insensible.limo,available,19.99,71.99,medium,low,10,name.com,,,22/08/2026 06:47
fbef218f-c3d4-4485-a137-460b41089063,aristocrat.limo,available,54.99,54.99,high,low,10,namesilo,,,20/09/2026 05:51
fae305a3-2786-48b0-a41c-f9c9b377bf07,included.limo,available,19.99,71.99,high,low,8,name.com,,,22/08/2026 01:33
1af398be-2e9e-4c60-8c33-d129741f802d,months.limo,available,57.98,68.98,high,low,6,namecheap,,,25/09/2026 18:02
0295e458-e7fd-4962-bd7e-7266fdcfdd9b,blended.limo,available,19.99,71.99,high,low,7,name.com,,,10/08/2026 14:14
20ae6850-a896-4452-a839-e717c1cfa015,premolar.limo,available,19.99,71.99,high,low,8,name.com,,,09/08/2026 19:46
24396bd5-0bee-4314-a72a-fafdeef6e0b8,generations.limo,available,57.98,68.98,medium,low,11,namecheap,,,17/09/2026 19:20
48e5b777-f0cc-4cbb-a144-9e478ee1cc1e,perishable.limo,available,54.99,54.99,high,low,10,namesilo,,,08/09/2026 17:18
57d9ccfc-039e-4b7d-9c23-e7c5e946784a,wagram.limo,available,54.99,54.99,medium,low,6,namesilo,,,22/09/2026 16:18
de02efff-3521-4bfb-acd6-209329aadff6,algometric.limo,available,19.99,71.99,medium,low,10,name.com,,,
626cb8ef-6316-4431-b36c-fe606021f451,niches.limo,available,54.99,54.99,medium,low,6,namesilo,,,20/09/2026 09:56
df172712-2071-45e8-9f51-114074cc0f61,mild.limo,available,57.98,68.98,high,low,4,namecheap,,,25/09/2026 18:55
a9b4796a-d142-41e5-ae16-162a4e9c3408,brutish.limo,available,19.99,71.99,low,low,7,name.com,,,09/08/2026 17:59
5818c702-48a6-4260-997d-b791d16811bf,treasury.limo,available,57.98,68.98,high,low,8,namecheap,,,24/09/2026 21:57
2dc4e19f-6a49-4bea-bb90-503de87e7061,debt.limo,available,19.99,,high,low,4,name.com,,,
35233d53-8fb8-4469-ba92-16cf80669a76,outcome.limo,available,19.99,,high,low,7,name.com,,,
f5819c7c-5da1-4bb3-af92-9256b8566b54,midwinter.limo,available,19.99,,medium,low,10,name.com,,,
48fc6e6e-4bd1-42fa-a5b6-791a29ec206d,instruct.limo,available,19.99,,high,low,8,name.com,,,
36cae2d3-9518-41c1-93e1-1033714c4559,audio.limo,available,19.99,,high,low,5,name.com,,,
649f0882-a858-49b1-92b1-00ff31a12011,coordinate.limo,available,54.99,54.99,high,low,10,namesilo,,,08/09/2026 03:35
ba4d770b-5014-42e8-9ad0-8e76efb33f1e,alloy.limo,available,54.99,54.99,high,low,5,namesilo,,,17/09/2026 09:02
e3e289ef-1a83-486b-afb1-929f5b25dc8b,unresolved.limo,available,19.99,71.99,medium,low,10,name.com,,,14/08/2026 12:57
684a814b-0839-4256-834f-813004c4f4b6,hangbird.limo,available,54.99,54.99,medium,low,8,namesilo,,,22/09/2026 00:20
3937b1bc-d4d6-4cd3-8a63-3ea00c057c79,transcript.limo,available,54.99,54.99,high,low,10,namesilo,,,25/09/2026 22:18
778aebfb-8bfa-4140-a754-0f0df200a7ee,required.limo,available,57.98,68.98,high,low,8,namecheap,,,23/09/2026 18:27
c538f9c2-9e62-4e98-b2f0-f4ec9ee222ba,pale.limo,available,19.99,,high,low,4,name.com,,,
220d491f-70c3-4572-8659-ddae8cb45649,unrivaled.limo,available,19.99,71.99,high,low,9,name.com,,,24/08/2026 17:06
fa14bc81-25fc-460d-a292-8addca059b80,whatnot.limo,available,19.99,,high,low,8,name.com,,,
6a501654-7e2d-4fa0-8eaa-f3068b143234,eightfold.limo,available,19.99,71.99,medium,low,9,name.com,,,15/08/2026 21:27
98d112cf-f298-4628-8bf3-79f4f3698552,cauterize.limo,available,19.99,71.99,medium,low,9,name.com,,,11/08/2026 14:34
8a018972-6a15-44e1-9d29-3e4f1faeb8e6,bambusa.limo,available,54.99,54.99,medium,low,7,namesilo,,,22/09/2026 00:41
1e0a2721-8ef2-43e7-9a9c-fce22aae4a4e,beefy.limo,available,19.99,71.99,medium,low,5,name.com,,,09/08/2026 07:49
17076130-ac7f-4641-8b80-f47ec92f2a9d,stylised.limo,available,19.99,71.99,high,low,8,name.com,,,12/08/2026 23:48
ab40e368-b370-4936-bcde-779cb76d0322,alfalfa.limo,available,54.99,54.99,high,low,7,namesilo,,,18/09/2026 06:07
535e4b86-e645-4fe5-9919-347fb5e72ac9,behavior.limo,available,57.98,68.98,high,low,8,namecheap,,,23/09/2026 03:06
7384692e-f1c0-4b65-8930-d8c8c4f034f7,beatific.limo,available,19.99,71.99,high,low,8,name.com,,,
741bca2e-b98e-4d63-b400-f92f49345816,divisible.limo,available,19.99,71.99,high,low,9,name.com,,,14/08/2026 13:57
6740e271-6276-4912-9353-12034ecb3503,pariah.limo,available,57.98,68.98,medium,low,6,namecheap,,,04/09/2026 19:07
21875e36-2967-4b07-9b85-711a30a98206,newcomer.limo,available,19.99,71.99,high,low,8,name.com,,,18/08/2026 07:31
fb7a9e5d-fb61-40bc-9f0a-efac8e8f6745,assignor.limo,available,54.99,54.99,medium,low,8,namesilo,,,20/09/2026 16:27
f3cad8e1-594b-4349-bff6-ec501c58f168,stevens.limo,available,54.99,54.99,high,low,7,namesilo,,,25/09/2026 06:30
f3ff0ad2-242a-404e-983a-d9d66d4d80fb,window.limo,available,19.99,,high,low,6,name.com,,,
6b849d0a-5fb8-4ee3-9fd6-9ca96e65f79a,dignifying.limo,available,19.99,71.99,medium,low,10,name.com,,,14/08/2026 07:23
a1011ba2-2092-46ad-a40a-c48f5a0d8ed0,amish.limo,available,54.99,54.99,high,low,5,namesilo,,,18/09/2026 21:52
ea234d0b-0e26-48ec-bdfd-1701b2194669,acetin.limo,available,57.98,68.98,medium,low,6,namecheap,,,17/09/2026 00:06
6194bf6b-9219-4eea-8196-3ffdc6c8d941,bind.limo,available,54.99,54.99,high,low,4,namesilo,,,22/09/2026 00:54
270ba7e0-d0bc-44f6-93af-93bf4677ce50,sloshed.limo,available,19.99,71.99,low,low,7,name.com,,,09/08/2026 15:48
512caa3a-ca85-4b4f-a918-69bfea8bd1bc,bpm.limo,available,57.98,68.98,high,low,3,namecheap,,,22/09/2026 21:53
d7ffcef6-ab9a-4482-a325-e25927f93d5e,cathy.limo,available,54.99,54.99,high,low,5,namesilo,,,17/09/2026 16:36
26943114-17c8-495b-b489-65e64bd0994e,lover.limo,available,54.99,54.99,high,low,5,namesilo,,,23/09/2026 10:15
7fd284d4-4626-4101-be50-702733a9c6b6,falls.limo,available,19.99,,high,low,5,name.com,,,
872b25f5-e6b1-4fff-817e-d42066732905,cancun.limo,premium,242,242,high,low,6,namesilo,,,24/09/2026 12:01
a4a22676-e894-496d-b42e-963392d07dc5,flimsy.limo,available,19.99,71.99,medium,low,6,name.com,,,18/08/2026 08:15
4da06f25-88dd-4fbc-893a-4b94a57f3355,seriatim.limo,available,54.99,54.99,medium,low,8,namesilo,,,16/09/2026 01:10
e9f6ec56-f0ff-4b29-b3e5-2af211d5b042,yeah.limo,available,19.99,,high,low,4,name.com,,,
09f368ec-fb8e-4108-af6b-599f81961c58,axon.limo,available,54.99,54.99,high,low,4,namesilo,,,21/09/2026 10:30
d145afc5-5b9e-436c-9bc2-a082ec1e9904,relations.limo,available,19.99,,high,low,9,name.com,,,
72b07650-6a42-4ce0-bc68-52dbec47e44c,danny.limo,available,54.99,54.99,medium,low,5,namesilo,,,25/09/2026 17:19
fa6a02fb-5fa3-4797-ae34-19e86d293b31,slay.limo,available,54.99,54.99,high,low,4,namesilo,,,04/09/2026 00:55
98926d22-aedc-430e-a84f-7098e3e0b57a,control.limo,available,54.99,54.99,high,low,7,namesilo,,,25/09/2026 05:47
92ced8d9-6202-463b-9b0b-b8ec64609b8d,soaking.limo,available,54.99,54.99,medium,low,7,namesilo,,,14/09/2026 14:28
d63b3b53-946b-4985-902c-c5000636e50e,goodly.limo,available,19.99,71.99,high,low,6,name.com,,,20/08/2026 16:36
b04b879e-5c59-4cf7-9b40-c7bd404c0eb0,mixologist.limo,available,57.98,68.98,high,low,10,namecheap,,,22/09/2026 06:27
b560f6b5-30c9-40a0-b6de-5fa94918fd47,slithery.limo,available,54.99,54.99,medium,low,8,namesilo,,,10/09/2026 11:09
2ab2976f-bb84-4905-9eff-9d20695cf1b9,brain.limo,available,19.99,,high,medium,5,name.com,,,
662f50e3-2ca9-4c73-a3ea-7d0a2ed795e0,dextrous.limo,available,19.99,71.99,high,low,8,name.com,,,13/08/2026 23:53
54c52226-5793-416e-a305-3477b077005e,untrustworthy.limo,available,19.99,,medium,low,13,name.com,,,
33ad5a99-8b7a-447d-9a86-4d3ed7a39bfd,carve.limo,available,19.99,71.99,high,low,5,name.com,,,13/08/2026 12:51
e4e3284f-10ba-451e-941a-c6d3e1fb0eca,barley.limo,available,54.99,54.99,high,low,6,namesilo,,,22/09/2026 06:33
5e6fa1e7-56b9-4a81-975d-b2d01606433f,effeminate.limo,available,19.99,71.99,medium,low,10,name.com,,,12/08/2026 08:34
02120e86-a5ee-472b-a908-6522400d1760,meth.limo,available,54.99,54.99,high,low,4,namesilo,,,24/09/2026 21:56
073a37af-b88d-4395-9d57-96718948e8c5,several.limo,available,19.99,,high,low,7,name.com,,,
42c2f38a-fb1e-43f0-9399-409b73c58338,scalic.limo,available,54.99,54.99,medium,low,6,namesilo,,,09/09/2026 22:27
b08556b7-4a93-4487-97e7-7d4ba5dc452a,heartsease.limo,available,57.98,68.98,medium,low,10,namecheap,,,20/09/2026 19:40
a9e3c7bd-cf04-4529-a977-ce4241b594a4,greenville.limo,available,54.99,54.99,high,low,10,namesilo,,,25/09/2026 06:42
be1a37c6-94d3-47be-871b-1f155ddfeca3,changed.limo,available,19.99,71.99,high,low,7,name.com,,,12/08/2026 01:53
6a947a51-defb-4fb3-a1f4-0e052f56a1dc,aves.limo,available,54.99,54.99,high,low,4,namesilo,,,21/09/2026 09:17
dd4f547b-3ee6-46e7-a7f3-8b125b733805,equals.limo,available,54.99,54.99,high,low,6,namesilo,,,18/09/2026 22:09
456389db-6bad-4f6c-9252-8d307907a145,gimpy.limo,available,19.99,71.99,medium,low,5,name.com,,,13/08/2026 07:05
d06cd963-6dde-4c88-b2c0-e7d6908eb9d3,eugenic.limo,available,19.99,71.99,medium,low,7,name.com,,,17/08/2026 14:11
947f066d-b251-4121-a2d0-0df8c869e9f0,criticize.limo,available,19.99,,high,low,9,name.com,,,
81456e37-7ffc-474c-8e49-161517872c78,relation.limo,available,19.99,,high,low,8,name.com,,,
788f2f22-10f1-4dfd-9e10-cd85cdd08ddd,astrology.limo,available,57.98,68.98,high,low,9,namecheap,,,20/09/2026 17:48
b62ab185-6ab1-43bb-81b2-2b51679f5a16,undreamt.limo,available,54.99,54.99,medium,low,8,namesilo,,,12/09/2026 08:24
4412a2a0-a564-45f5-a85a-3f2807bed52a,flipped.limo,available,54.99,54.99,medium,low,7,namesilo,,,18/09/2026 12:06
7dc8966e-f52d-4485-a210-389b0165db2b,debonair.limo,available,19.99,71.99,high,low,8,name.com,,,12/08/2026 05:58
eba18508-0bb6-447e-9f0c-82e3aa4e5fa0,climbable.limo,available,19.99,71.99,medium,low,9,name.com,,,07/08/2026 00:10
cf7534b0-2d5c-4290-8e97-a81ee063b426,clever.limo,available,54.99,54.99,high,medium,6,namesilo,,,23/09/2026 12:20
5205caac-70e1-4326-83f3-a1c2afaef263,swagman.limo,available,54.99,54.99,medium,low,7,namesilo,,,11/09/2026 05:01
fed6839d-2220-4d61-9d30-59cf21f66654,averment.limo,available,54.99,54.99,medium,low,8,namesilo,,,20/09/2026 16:16
c8bdf129-cb94-4227-b3f6-1d393abde89c,reversely.limo,available,54.99,54.99,medium,low,9,namesilo,,,15/09/2026 23:37
fa58f11d-3093-4623-b8e4-cac2713f94a4,depressing.limo,available,19.99,71.99,medium,low,10,name.com,,,12/08/2026 03:50
4e615e86-810a-4c94-9f44-bf7d4c5bc37e,eloquent.limo,available,19.99,71.99,high,low,8,name.com,,,16/08/2026 06:14
d928483c-7e34-4ade-9472-1354098c68a6,longer.limo,available,19.99,,high,low,6,name.com,,,
e868d854-1e1c-4c2e-bf33-d8781b69d74b,dripping.limo,available,54.99,54.99,high,low,8,namesilo,,,14/09/2026 14:32
85ea5892-7cb8-4456-aebd-89ff50e3ddf5,ackee.limo,available,54.99,54.99,medium,low,5,namesilo,,,17/09/2026 01:52
5852e06a-71d3-4e07-b9a6-e4d365194cda,supplicant.limo,available,54.99,54.99,medium,low,10,namesilo,,,11/09/2026 03:28
7a691755-18bf-4268-a044-61bff81ccbf4,hype.limo,available,19.99,,high,medium,4,name.com,,,
8736771a-e2d8-4685-8f71-3fa3e1422041,barycenter.limo,available,54.99,54.99,medium,low,10,namesilo,,,22/09/2026 09:39
c38769e1-4486-4549-97bb-69ba3dfe382f,extends.limo,available,54.99,54.99,medium,low,7,namesilo,,,18/09/2026 17:32
3a7347a8-92db-4aff-9c9a-d7afc7497b20,disrupted.limo,available,19.99,71.99,medium,low,9,name.com,,,14/08/2026 12:19
a2105c5c-baab-41fa-9e7e-70c57c670ef5,bottom.limo,available,19.99,71.99,high,low,6,name.com,,,09/08/2026 11:50
fa4e213e-9191-4dce-a614-3c3121e9a536,orderly.limo,available,54.99,54.99,high,low,7,namesilo,,,03/09/2026 14:34
4984289e-c7b2-481a-bf53-39332e56e952,sapodilla.limo,available,54.99,54.99,medium,low,9,namesilo,,,17/09/2026 00:57
3186b8f2-7c38-4fe9-9789-b75e4575d51d,once.limo,available,54.99,54.99,high,low,4,namesilo,,,24/09/2026 15:11
7440e352-e049-465a-ae51-0ecfb57cba29,corn.limo,available,19.99,,high,low,4,name.com,,,
38d03bf6-5591-4f4a-86f2-e325f527be50,bechamel.limo,available,54.99,54.99,high,low,8,namesilo,,,22/09/2026 22:33
c8e76ebd-f1bb-4713-beaf-62e649bbd322,damned.limo,available,54.99,54.99,medium,low,6,namesilo,,,22/09/2026 21:41
3a24c155-8258-4e29-b657-8d79a7c9fd41,charger.limo,available,54.99,54.99,high,low,7,namesilo,,,22/09/2026 14:35
d5036ca2-222e-4fa9-8713-a5648a202213,brutal.limo,available,19.99,71.99,medium,low,6,name.com,,,08/08/2026 15:45
21401eb1-d6bc-4232-851a-224e33f9b9ec,remotely.limo,available,54.99,54.99,high,low,8,namesilo,,,15/09/2026 23:10
62d13d5f-251f-4067-8673-4ba29c66b8bb,selenium.limo,available,54.99,54.99,high,low,8,namesilo,,,20/09/2026 22:53
a9f4f71e-8e59-4791-b1be-a097444f8db4,reportedly.limo,available,54.99,54.99,medium,low,10,namesilo,,,15/09/2026 23:15
a7e09816-6967-4a4b-9fae-047062d8aa45,agrostemma.limo,available,57.98,68.98,medium,low,10,namecheap,,,17/09/2026 19:51
70308b7a-9f3c-4318-abae-3baa232faf84,bawl.limo,available,54.99,54.99,medium,low,4,namesilo,,,23/09/2026 06:25
74ef6d77-eba1-4ee5-8dde-292c41c04a8d,biomass.limo,available,57.98,68.98,high,low,7,namecheap,,,23/09/2026 18:29
d652c2f9-1187-4b36-a6b1-fcc11d141d76,dslr.limo,available,19.99,,high,low,4,name.com,,,
431cba72-bc27-495a-8035-e47f31b9a3b9,wide.limo,available,54.99,54.99,high,low,4,namesilo,,,21/09/2026 16:15
fc83c5cd-cc13-4c96-b7b9-f5d22535ae83,legibly.limo,available,54.99,54.99,medium,low,7,namesilo,,,14/09/2026 11:06
c4e2218e-fe3a-4fe5-a654-1f526fe75f96,riled.limo,available,19.99,71.99,medium,low,5,name.com,,,
ba42d77b-f255-49b4-8075-31e3ca03dae0,whilst.limo,available,19.99,,medium,low,6,name.com,,,
68e2dd77-d3c2-4e65-82ba-64607842dc2c,elemental.limo,available,19.99,71.99,high,low,9,name.com,,,16/08/2026 03:29
c9120296-a118-4630-98f5-f4e78cd549f5,senator.limo,available,54.99,54.99,high,low,7,namesilo,,,26/09/2026 00:17
45e18e2a-54f6-4177-b738-274ea1f8741d,cattie.limo,available,19.99,71.99,medium,low,6,name.com,,,11/08/2026 22:14
1aabbc38-111a-4c18-847b-571f0b7d3279,backside.limo,available,19.99,71.99,medium,low,8,name.com,,,09/08/2026 10:44
43a49c5d-bce5-4398-80a2-26bd070c09e5,benumb.limo,available,54.99,54.99,medium,low,6,namesilo,,,03/09/2026 22:47
ff18e5f3-aa56-48d4-b5bb-662a329e0298,blab.limo,available,54.99,54.99,high,low,4,namesilo,,,23/09/2026 23:33
75d98f41-68c6-4141-8035-a77bc449ac3f,polyester.limo,available,19.99,,high,low,9,name.com,,,
31742f4f-8720-4eeb-9eac-df2f6eb1b011,furtive.limo,available,19.99,71.99,medium,low,7,name.com,,,08/08/2026 06:32
63b9477b-1892-4560-a661-2534d639c6fb,blather.limo,available,54.99,54.99,medium,low,7,namesilo,,,24/09/2026 04:46
821c3c1a-1abd-4f1b-a054-fc2efee45ff6,mabel.limo,available,54.99,54.99,high,low,5,namesilo,,,25/09/2026 13:35
86772817-a2f6-4f47-b09b-fedbb90dda86,rakes.limo,available,54.99,54.99,medium,low,5,namesilo,,,20/09/2026 22:29
31632ba1-d263-45f4-a20c-f4c1a855a3b9,beira.limo,premium,118.8,118.8,medium,low,5,namesilo,,,23/09/2026 04:20
eac083f0-95a6-4c5e-9944-03424491a3b8,holla.limo,available,19.99,71.99,high,low,5,name.com,,,23/09/2026 06:19
f2b50efb-48ec-4d2e-9f58-49140040e51b,guatemalan.limo,available,19.99,71.99,high,low,10,name.com,,,20/08/2026 20:45
afb1928d-5f02-4274-a748-36d38d1febd2,jessie.limo,available,54.99,54.99,high,low,6,namesilo,,,25/09/2026 11:53
3e934c6b-36bb-4d5b-9588-2eff8f69c4be,cannot.limo,available,19.99,,high,low,6,name.com,,,
1cac7a8c-4ef9-4064-aa24-e83f6b1d080a,ninefold.limo,available,54.99,54.99,medium,low,8,namesilo,,,03/09/2026 17:31
29993ef5-8da5-4aee-ad6a-5a7fba22e6b8,frustrated.limo,available,57.98,68.98,medium,low,10,namecheap,,,24/09/2026 10:57
e5b0271e-fba5-4420-900f-d231e6762dc4,server.limo,available,19.99,71.99,high,medium,6,name.com,,,24/09/2026 03:31
53cfa402-4d64-490b-9afa-587ab9045f4c,volumetric.limo,available,54.99,54.99,medium,low,10,namesilo,,,13/09/2026 07:03
2bbb0857-1856-4408-9add-12365ebcfbc2,agiotage.limo,available,57.98,68.98,medium,low,8,namecheap,,,17/09/2026 18:03
f883c8d6-d5a7-45fe-979b-10b3e2bd5462,sycamore.limo,available,54.99,54.99,high,low,8,namesilo,,,16/09/2026 23:36
845958db-f4ef-4ad5-8501-b409a07da4f7,cleavage.limo,available,54.99,54.99,high,low,8,namesilo,,,24/09/2026 15:29
cb1d4327-c5ba-4b0b-9814-75801d404aa9,answering.limo,available,54.99,54.99,high,low,9,namesilo,,,22/09/2026 05:38
7237bab5-9982-4850-ab5f-d166cb996c1b,wine.limo,premium,78.54,78.54,high,low,4,namesilo,,,25/09/2026 15:27
f35283af-4bf3-4ef7-89da-c723b6a39747,arid.limo,available,19.99,71.99,medium,low,4,name.com,,,06/08/2026 18:58
d75f7aeb-83dc-4d2e-baff-c3093e22d55c,dodging.limo,available,54.99,54.99,medium,low,7,namesilo,,,21/09/2026 09:51
3d60a2f9-1c01-47a5-a637-9e48e00c62f5,ionised.limo,available,19.99,71.99,medium,low,7,name.com,,,22/08/2026 09:33
b53a8ea0-ba34-4d76-9fcd-56b428deb459,wharf.limo,available,19.99,,high,low,5,name.com,,,
463aa1b8-60df-409e-b685-db8e6af0d86c,definable.limo,available,19.99,71.99,high,low,9,name.com,,,13/08/2026 23:28
da2b59bb-28bd-4bc7-babb-d1164e2c9101,bandwagon.limo,available,54.99,54.99,high,low,9,namesilo,,,22/09/2026 01:35
a8902d3a-0832-4f56-aeed-13f58995df27,arcminute.limo,available,54.99,54.99,medium,low,9,namesilo,,,20/09/2026 02:40
a0ced781-91a6-4252-9d2f-baad807f0a0b,lotto.limo,available,57.98,68.98,high,low,5,namecheap,,,22/09/2026 20:35
35751b15-2720-4b60-8892-e42ea27a4c5f,spiritless.limo,available,54.99,54.99,medium,low,10,namesilo,,,10/09/2026 15:54
83cd7bb7-7bb8-46a7-a741-04722449a5c4,albee.limo,available,54.99,54.99,medium,low,5,namesilo,,,18/09/2026 02:31
cb329123-c5fc-4aaf-b366-57473aeeaef6,anhidrosis.limo,available,57.98,68.98,medium,low,10,namecheap,,,19/09/2026 07:47
6d3f2521-7af9-460e-93ac-f3015235be70,storied.limo,available,19.99,71.99,high,low,7,name.com,,,21/08/2026 09:55
db8e66ae-1673-49a8-9a6f-12f239e3c730,amniota.limo,available,57.98,68.98,medium,low,7,namecheap,,,18/09/2026 22:27
c4e289d7-8acf-49fd-9fdf-c2398f363acd,isotonic.limo,available,19.99,71.99,medium,low,8,name.com,,,22/08/2026 11:18
5e0d00b8-49b3-4d39-a335-05224be9555c,lying.limo,available,19.99,,high,low,5,name.com,,,
c1a1b6ba-f77c-4411-abd3-e21a1f6893ef,indulgent.limo,available,19.99,71.99,high,low,9,name.com,,,22/08/2026 03:33
acc1fca8-ce3b-40f4-8d50-f4317b7cb940,simply.limo,available,54.99,54.99,high,medium,6,namesilo,,,25/09/2026 12:19
850b4b3f-a667-4f40-b6a9-b904ab0f8b70,abbess.limo,available,54.99,54.99,medium,low,6,namesilo,,,16/09/2026 14:23
a3d70c11-0417-421f-a1d4-24feb03ffdb7,shit.limo,available,57.98,68.98,high,medium,4,namecheap,,,22/09/2026 18:05
c962c903-2020-4ea5-8f28-0e123e10abd3,meatless.limo,available,19.99,71.99,medium,low,8,name.com,,,24/08/2026 18:33
a9da1f49-b03e-4bfa-8f4d-b897d121e4a5,lamar.limo,available,54.99,54.99,high,low,5,namesilo,,,25/09/2026 16:19
295423f1-a521-4ceb-84e1-513b91903309,rhenium.limo,available,54.99,54.99,medium,low,7,namesilo,,,20/09/2026 23:48
db064407-240c-4598-89c4-17d48a63c089,rocambole.limo,available,54.99,54.99,medium,low,9,namesilo,,,18/09/2026 11:33
5af45dff-9b62-4307-8560-8986a713d574,nightstick.limo,available,57.98,68.98,medium,low,10,namecheap,,,23/09/2026 16:38
8e52fbc0-346c-4c17-a2e1-5d70958b7fd5,abkhazian.limo,available,19.99,71.99,medium,low,9,name.com,,,
c18ef5ff-e1ad-40e6-a3bc-a6dbb6c800a2,vacantly.limo,available,54.99,54.99,low,low,8,namesilo,,,16/09/2026 10:32
532a01ee-457f-43ee-aa9b-dd16217cdd20,cleanup.limo,available,19.99,71.99,high,low,7,name.com,,,12/08/2026 10:26
d419e905-62d8-4d25-aafc-ed9b982a5dbc,version.limo,available,19.99,,high,low,7,name.com,,,
a8ab53e5-8f9b-458f-a6a1-eba06c2eb67d,floury.limo,available,19.99,71.99,medium,low,6,name.com,,,18/08/2026 09:00
3ed05138-368b-4e5f-916e-d52d386b09d9,dog.limo,available,19.99,,high,low,3,name.com,,,
3f1b7889-9f12-4b89-a020-2b40a8821e3c,apogee.limo,available,57.98,68.98,high,low,6,namecheap,,,19/09/2026 18:28
52be14be-ee5e-43d6-be9e-7fbf9703ef09,resentment.limo,available,57.98,68.98,medium,low,10,namecheap,,,23/09/2026 23:03
9f9cc4c1-2510-4895-8f03-6f6167e9ace4,officially.limo,available,54.99,54.99,high,low,10,namesilo,,,14/09/2026 19:44
c5741d51-d075-4807-8252-140da1fa405e,vatic.limo,available,19.99,71.99,low,low,5,name.com,,,14/08/2026 13:52
5e61d26d-23ba-4201-8e91-19739fdadd5d,taste.limo,available,19.99,,high,low,5,name.com,,,
ec7b415b-2b51-46a1-bf6d-bc196b8db025,anatolian.limo,available,57.98,68.98,high,low,9,namecheap,,,19/09/2026 03:29
ce42c627-4019-4046-80e8-b00d060924ec,manifold.limo,available,19.99,71.99,high,low,8,name.com,,,24/08/2026 15:07
4504658d-267c-46d9-8aad-d4b017861e2a,bullheaded.limo,available,19.99,71.99,medium,low,10,name.com,,,11/08/2026 08:30
e68b7a77-e451-4198-8328-50e24d7cb79e,ascension.limo,available,19.99,71.99,high,low,9,name.com,,,07/08/2026 00:30
f9f553ee-ee0d-4e1e-840f-ed17f0771f70,candy.limo,available,54.99,54.99,high,medium,5,namesilo,,,25/09/2026 22:17
8c833804-d9b9-4da6-9cd0-9397fc021fe3,richards.limo,available,57.98,68.98,high,low,8,namecheap,,,25/09/2026 07:42
79403789-7796-4d4d-a846-dbbd8df75859,tired.limo,available,54.99,54.99,high,low,5,namesilo,,,22/09/2026 16:41
ff233bda-7134-4ac5-ad78-b680f129f13d,spirea.limo,available,54.99,54.99,medium,low,6,namesilo,,,20/09/2026 17:27
ba63eb34-e21a-49d4-a8c1-b8f0146638b7,wickedness.limo,available,19.99,71.99,medium,low,10,name.com,,,17/08/2026 15:06
3cee31f2-e4e9-4181-a106-ea19ea6a5867,fraternal.limo,available,54.99,54.99,high,low,9,namesilo,,,10/08/2026 03:44
75ee623e-6529-4aa3-bbc8-c479a86672a3,decayed.limo,available,19.99,71.99,medium,low,7,name.com,,,13/08/2026 20:59
6b4bd998-f295-47e5-9993-936c07b71bf5,romany.limo,available,19.99,71.99,high,low,6,name.com,,,10/08/2026 17:25
eec9a63a-0226-4baf-bb74-d53725009682,quality.limo,premium,118.8,118.8,high,low,7,namesilo,,,23/09/2026 14:21
b4715ca9-884d-4b1e-92d6-1dec819f0be3,headteacher.limo,available,19.99,,high,low,12,name.com,,,
427339a9-9ce3-4041-a43c-1ee9049438d3,proficiency.limo,available,19.99,,high,low,11,name.com,,,
6a88249e-c13a-4ba4-a2a0-e7f436f4ff67,coarse.limo,available,19.99,71.99,medium,low,6,name.com,,,12/08/2026 13:56
fd7cc350-3520-4677-a706-8de7d159b74d,three.limo,available,57.98,68.98,high,low,5,namecheap,,,21/09/2026 13:02
53fba8d4-4036-4854-b55e-4270bd500e1e,youngish.limo,available,54.99,54.99,medium,low,8,namesilo,,,13/09/2026 14:49
3bfadcd2-d559-4e94-ad8b-cdcb3205340c,musts.limo,available,54.99,54.99,medium,low,5,namesilo,,,19/09/2026 21:45
590cc900-5344-441a-8133-d5fdbab2a549,cursively.limo,available,54.99,54.99,medium,low,9,namesilo,,,14/09/2026 10:07
9ef953e1-70d8-4d26-8724-778261b23276,cerebral.limo,available,19.99,71.99,high,low,8,name.com,,,12/08/2026 00:30
67e29b49-669b-4d2f-920d-4f4c2a6ff41b,swaps.limo,available,54.99,54.99,medium,low,5,namesilo,,,18/09/2026 22:39
4321d468-26b3-43f3-8425-f5da528fdda9,conversation.limo,available,54.99,54.99,high,low,12,namesilo,,,26/09/2026 00:44
9519ee0e-c208-4529-855d-40a7d96dcde0,emma.limo,available,54.99,54.99,high,medium,4,namesilo,,,25/09/2026 12:33
5d5368f8-d3c7-41ac-819b-0afcc69d2739,arda.limo,available,57.98,68.98,high,low,4,namecheap,,,17/09/2026 10:27
d798a802-ca5c-4bca-8ead-c92b65c21527,aberration.limo,available,54.99,54.99,medium,low,10,namesilo,,,16/09/2026 15:14
853af4cb-0f67-4d73-9ba4-583b063b85b8,boloney.limo,available,54.99,54.99,medium,low,7,namesilo,,,21/09/2026 23:45
acbadeba-e90f-4f85-b784-5f6bbe638d7e,barrelfish.limo,available,57.98,68.98,medium,low,10,namecheap,,,22/09/2026 08:20
15a92fc3-0298-4415-bfca-6ebbc40f0af5,pallor.limo,available,57.98,68.98,medium,low,6,namecheap,,,17/09/2026 01:07
dac94012-40a7-4c92-be7d-d84696cd73be,orbicular.limo,available,19.99,71.99,medium,low,9,name.com,,,08/08/2026 10:11
a87798f9-83d6-45ee-a0f2-a54c7412c4bf,tewkesbury.limo,available,19.99,71.99,medium,low,10,name.com,,,22/09/2026 16:07
d3741399-8f27-473a-9e3b-50c3458a0595,invaluable.limo,available,54.99,54.99,high,low,10,namesilo,,,25/09/2026 11:01
64a892fe-4688-4ced-84ef-65d18517bd51,singular.limo,available,19.99,71.99,high,low,8,name.com,,,13/08/2026 11:18
5359f6f2-0440-41e0-bf44-a00bdad0e5b5,acme.limo,available,19.99,71.99,high,medium,4,name.com,,,24/08/2026 20:47
3f63a916-9d8c-4113-9195-53cbfe3c5d2a,barky.limo,available,19.99,71.99,medium,low,5,name.com,,,08/08/2026 19:46
57577eaa-b840-45bd-838a-3832d3ae8c71,defeated.limo,available,19.99,71.99,medium,low,8,name.com,,,13/08/2026 23:04
15442359-7084-47cf-9f33-7b50cf438e5b,describe.limo,available,54.99,54.99,high,low,8,namesilo,,,25/09/2026 12:37
6848a0cf-5f02-4053-b6ba-7446e0d49baf,hills.limo,available,57.98,68.98,high,low,5,namecheap,,,17/09/2026 17:53
fda45b73-d56d-4ed9-ac6c-dc8656390368,aurora.limo,premium,512,512,high,medium,6,namesilo,,,11/09/2026 02:04
7e6f53de-624f-4d52-9bff-c668ab073744,whisking.limo,available,19.99,,high,low,8,name.com,,,
e327c948-f82b-4d2a-ab79-1279e41c5067,cheerfully.limo,available,19.99,,high,low,10,name.com,,,
e8ad8b03-45be-4d47-bcb0-333901e0645f,around.limo,available,54.99,54.99,high,low,6,namesilo,,,21/09/2026 14:17
08a06a81-614b-4904-8981-2e9a53aedac7,algebraist.limo,available,54.99,54.99,medium,low,10,namesilo,,,18/09/2026 06:55
62929c7a-d441-407c-ba3c-9600c8a819b5,lay.limo,available,57.98,68.98,high,low,3,namecheap,,,25/09/2026 13:03
c26fdbe3-9a27-4301-84bb-aa0662d3bbce,antagonist.limo,available,54.99,54.99,high,low,10,namesilo,,,17/09/2026 10:48
3bdd876f-ba62-4eeb-9144-182efdbf4522,omdurman.limo,available,54.99,54.99,medium,low,8,namesilo,,,22/09/2026 15:32
3354f458-cd27-4fb2-9b81-620f428241a1,ratty.limo,available,19.99,71.99,medium,low,5,name.com,,,25/08/2026 06:53
133e4503-04b9-4aef-bdb9-8ceb677b8705,betting.limo,available,19.99,71.99,high,low,7,name.com,,,09/08/2026 18:14
e39d1974-acd0-4688-ae1a-12a213a22070,saving.limo,available,19.99,,high,low,6,name.com,,,
ad916638-9749-4795-afe6-8d6c940ed567,consenting.limo,available,19.99,71.99,high,low,10,name.com,,,12/08/2026 22:35
77b4543f-321b-4e6e-a044-9927adcfeb5c,opposed.limo,available,54.99,54.99,high,low,7,namesilo,,,04/09/2026 16:45
5f79c7f9-3ce2-4321-9bea-ec83a1568f1c,desolate.limo,available,19.99,71.99,medium,low,8,name.com,,,08/08/2026 21:07
878c7e0d-87d3-4a4e-acb4-011e0e425aba,holes.limo,available,19.99,,high,low,5,name.com,,,
8e3e9081-9fa5-48d2-8b70-fae9ee04495e,leakproof.limo,available,19.99,71.99,high,low,9,name.com,,,22/08/2026 21:59
49d71d1b-e496-4227-be8c-7f2a4580b969,reentrant.limo,available,54.99,54.99,medium,low,10,namesilo,,,09/09/2026 10:51
6ccf0265-343a-473e-be02-3b222f3513f5,purpose.limo,available,57.98,68.98,high,low,7,namecheap,,,25/09/2026 09:59
5b2025e8-a7c4-4b95-b91a-98f88f7544c0,diaz.limo,available,54.99,54.99,high,low,4,namesilo,,,22/09/2026 09:18
02e6842d-3ea2-4b19-88a9-46e2bed1eed1,finnish.limo,available,19.99,71.99,high,low,7,name.com,,,18/08/2026 05:03
bea19a46-ca4f-446b-93f9-4ce1b078dc3e,youthfully.limo,available,54.99,54.99,medium,low,10,namesilo,,,16/09/2026 11:49
d5ebf32c-f242-4278-a6b7-658de22e2c45,inform.limo,available,54.99,54.99,high,low,6,namesilo,,,16/09/2026 07:13
9bccd517-e5ea-4384-b95f-75e7c07a5670,aconite.limo,available,54.99,54.99,medium,low,7,namesilo,,,17/09/2026 02:05
f7212f6d-6c2f-451a-8417-378630c4476b,whispered.limo,available,54.99,54.99,high,low,9,namesilo,,,13/09/2026 11:35
f92a7e4e-2295-4f66-ae51-60e08249f0e3,updates.limo,available,57.98,68.98,medium,low,7,namecheap,,,20/09/2026 08:39
970cb785-2174-4945-ac04-7db35f623593,count.limo,available,54.99,54.99,high,low,5,namesilo,,,25/09/2026 23:32
9cb0eed3-632e-4bfd-b2cf-a21f5252ef51,bond.limo,available,19.99,,high,low,4,name.com,,,
8e98fd7d-1d4e-4fd1-a02a-7519bc9ef24c,lustrous.limo,available,19.99,71.99,high,low,8,name.com,,,11/08/2026 11:00
551bad0e-84a7-4f14-9d3d-f5a8c406a28c,embodiment.limo,available,54.99,54.99,high,low,10,namesilo,,,21/09/2026 08:48
ff3ab91c-b4a2-4dfc-aa22-c7708e90b816,regime.limo,available,54.99,54.99,high,low,6,namesilo,,,21/09/2026 05:23
e1f90a3c-3ecb-4349-bbdf-37c2702ce231,figure.limo,available,54.99,54.99,high,low,6,namesilo,,,24/09/2026 16:50
929540ae-e149-407e-9032-344c1a5240b6,nicole.limo,available,19.99,,high,low,6,name.com,,,
6385a3c6-02e0-4cb9-bf3e-77f2be5d1e43,taxation.limo,available,19.99,,high,low,8,name.com,,,
a4c68ecd-77db-4509-b91c-616e7f700869,azure.limo,available,,,high,high,5,,,,
92eb9abc-6d72-48f1-9946-26cf1a194b99,libber.limo,available,19.99,71.99,medium,low,6,name.com,,,18/08/2026 01:03
9947a3fb-be94-4ac7-9ddf-d6da357c47b2,unwavering.limo,available,19.99,71.99,high,low,10,name.com,,,18/08/2026 05:12
508330f3-f685-4fbf-bbe9-c1ebceecc59b,inmate.limo,available,57.98,68.98,high,low,6,namecheap,,,24/09/2026 18:00
d0508fb4-fe3b-41ab-bbf0-41b758dead10,untasted.limo,available,57.98,68.98,medium,low,8,namecheap,,,12/09/2026 21:05
28714533-82dc-44bd-b5a2-45d3fffd2ad1,angular.limo,available,54.99,54.99,high,low,7,namesilo,,,22/09/2026 04:30
9f50ac65-9916-4ebf-bba7-0ea57a8dad42,vitamins.limo,available,57.98,68.98,high,low,8,namecheap,,,19/09/2026 23:20
72113184-ee57-45e5-8adf-4b66bf7ec819,jack.limo,available,,,high,medium,4,,,,
3641c24f-8b2f-4be7-b825-49db68faa64e,kin.limo,available,19.99,71.99,high,low,3,name.com,,,22/08/2026 16:00
bbf43228-4cd9-4650-9db4-d44c47ab074f,often.limo,available,19.99,,high,low,5,name.com,,,
da499089-7fe0-4391-9a69-36af0866119f,barefaced.limo,available,19.99,71.99,medium,low,9,name.com,,,08/08/2026 09:20
7c99e768-f916-4b8b-886e-9be33129cb62,microbial.limo,available,54.99,54.99,high,low,9,namesilo,,,08/09/2026 09:41
fa9d7c18-ddcd-4816-a411-5fd59797f846,birdwatch.limo,available,57.98,68.98,high,low,9,namecheap,,,23/09/2026 19:35
8ec1690e-ec33-4300-b9f9-6af7f1f7f772,singer.limo,available,54.99,54.99,high,low,6,namesilo,,,25/09/2026 23:13
f4c4b99c-0969-4d28-bc46-3c5b9b06caf3,sensational.limo,available,19.99,,high,low,11,name.com,,,
31b9877e-b844-48e2-9ad1-84d68c47a744,filled.limo,available,57.98,68.98,high,low,6,namecheap,,,24/09/2026 18:13
384ccd8a-9eb7-41e7-b3da-709504801bac,anatomy.limo,available,19.99,,high,low,7,name.com,,,
09ef15c2-7162-4470-8f5a-95019b910343,olsen.limo,available,54.99,54.99,high,low,5,namesilo,,,25/09/2026 12:35
3a88c7cd-fdc6-422a-b378-4526cfa67ba5,stanch.limo,available,57.98,68.98,medium,low,6,namecheap,,,10/09/2026 19:26
426cfe19-689d-455c-9094-16a4e2b53e16,fund.limo,available,54.99,54.99,high,low,4,namesilo,,,23/09/2026 16:38
e67c0179-e884-4fc3-b4a7-cf3b6262388e,acrobates.limo,available,54.99,54.99,medium,low,9,namesilo,,,17/09/2026 03:18
9678d7bf-3d66-4950-b345-dd3096bebf60,bize.limo,available,54.99,54.99,medium,low,4,namesilo,,,23/09/2026 21:41
6a063ef5-8e83-406d-af3a-b24a02461d9d,centric.limo,available,19.99,71.99,high,low,7,name.com,,,12/08/2026 00:07
37f2c739-7b40-4ab8-a658-7b70aad0d4fe,nourished.limo,available,54.99,54.99,high,low,9,namesilo,,,03/09/2026 22:12
735bd442-d5ae-48c8-ba40-de5ab86dea0c,verbosely.limo,available,54.99,54.99,medium,low,9,namesilo,,,15/09/2026 12:43
54b5a057-7e3e-45ec-aee4-7b03931b1cbc,knew.limo,available,19.99,,medium,low,4,name.com,,,
131e50ba-1312-4d04-b3bf-b7b45f1cd5d3,gao.limo,available,54.99,54.99,high,low,3,namesilo,,,25/09/2026 06:16
0100d412-392d-4a92-a108-e8f7c3960cc9,molecular.limo,available,19.99,71.99,high,low,9,name.com,,,25/08/2026 03:53
bcc3d454-a5b5-418a-b2d5-3e1310fcc9cf,lateral.limo,available,19.99,71.99,high,low,7,name.com,,,22/08/2026 20:34
ab15f9c3-208c-46e4-af30-c193fa1a93b5,unfit.limo,available,54.99,54.99,medium,low,5,namesilo,,,12/09/2026 10:23
a78252ea-8aee-46a0-9eb6-3a4efeabbb6a,unbeaten.limo,available,54.99,54.99,high,low,8,namesilo,,,12/09/2026 01:45
a82d9771-a576-428b-969a-c0dee878ac72,females.limo,available,57.98,68.98,medium,low,7,namecheap,,,18/09/2026 19:27
ce444ffd-84bd-4fe2-931e-7ccdb61d978e,endogamous.limo,available,19.99,71.99,medium,low,10,name.com,,,17/08/2026 01:10
29f83956-476e-4f81-b0aa-32ba818c9831,pressure.limo,available,54.99,54.99,high,low,8,namesilo,,,24/09/2026 23:12
a8716d23-b789-4349-a3bb-adc4814ce072,income.limo,available,19.99,,high,low,6,name.com,,,
aa85f814-2fa7-4676-b38d-f1560b699a48,lanka.limo,available,57.98,68.98,high,low,5,namecheap,,,25/09/2026 15:46
83f095ed-be64-467c-ba3d-93bd7cee2909,pigs.limo,available,57.98,68.98,high,low,4,namecheap,,,25/09/2026 15:51
e3780867-4723-4023-a40b-ab00ea2d6167,spattered.limo,available,19.99,71.99,medium,low,9,name.com,,,13/08/2026 15:15
2d2b56c3-5adb-4228-8632-c6a522249258,virulent.limo,available,19.99,71.99,medium,low,8,name.com,,,
a9061c6f-3821-4a47-98e2-6fac615f43f8,consult.limo,available,19.99,,high,low,7,name.com,,,
76a754f2-5fdd-408a-a0e9-0530bbbed6cf,banff.limo,available,57.98,68.98,high,low,5,namecheap,,,22/09/2026 01:44
2a9c7a16-2fda-4c58-9569-1ce7e4296c01,reversive.limo,available,54.99,54.99,medium,low,9,namesilo,,,09/09/2026 16:11
a89a7792-9d59-4f80-aaa8-6a55ad47313d,degraded.limo,available,19.99,71.99,medium,low,8,name.com,,,13/08/2026 20:17
dc741458-13da-4d43-ae84-8e65b3cfba26,chambered.limo,available,19.99,71.99,medium,low,9,name.com,,,12/08/2026 01:34
10b2af6b-0592-49fc-8724-39f41b18a2d9,nonrandom.limo,available,57.98,68.98,medium,low,9,namecheap,,,03/09/2026 20:26
b0e57919-d420-408e-834c-c27736f7720d,traffic.limo,available,19.99,,high,low,7,name.com,,,
8d7f1497-0231-43b9-ae14-6bb839d5ddf6,amoeba.limo,available,54.99,54.99,high,low,6,namesilo,,,18/09/2026 17:41
89b3c46a-8d51-439b-a727-6fe0f466664f,cuisine.limo,available,54.99,54.99,high,low,7,namesilo,,,25/09/2026 03:44
9aaeffcd-d98e-4da4-afde-f256b68b41d9,distribute.limo,available,19.99,,high,low,10,name.com,,,
43d9fc44-0937-408c-b842-2d4fdb085d60,talkative.limo,available,19.99,71.99,high,low,9,name.com,,,09/08/2026 21:05
3de2d5b1-4587-4db5-ab74-d48195dc464f,occupations.limo,available,54.99,54.99,medium,low,11,namesilo,,,16/09/2026 10:00
e56a2800-422e-42bb-908a-5526482cc008,orangutan.limo,available,19.99,,high,low,9,name.com,,,
72c586f7-3859-496b-8a14-51ec7c102c7f,least.limo,available,54.99,54.99,high,low,5,namesilo,,,25/09/2026 13:24
becc5f8b-813f-45d6-9b38-8528d762e48a,apprehend.limo,available,54.99,54.99,high,low,9,namesilo,,,20/09/2026 09:02
f3bb7068-5dbb-4175-b2ed-3c12d6a1e650,wavelike.limo,available,19.99,71.99,medium,low,8,name.com,,,13/08/2026 06:56
eeac091c-fcd5-4a81-97c9-5cc2039a6fd0,masses.limo,available,19.99,,high,low,6,name.com,,,
605b9995-2960-46cf-a279-0d6681fe0916,humoral.limo,available,19.99,71.99,medium,low,7,name.com,,,21/08/2026 15:21
5a795346-7d25-4f37-a2f0-b0f338672491,actias.limo,available,54.99,54.99,medium,low,6,namesilo,,,17/09/2026 04:29
2dee0a45-ed1a-4fe8-80c3-9c2404aa70da,antimatter.limo,available,54.99,54.99,high,low,10,namesilo,,,19/09/2026 14:40
b714bb73-e372-4813-b89a-ab8a49f442dd,brunette.limo,available,19.99,71.99,high,low,8,name.com,,,11/08/2026 06:56
b2d0b7f8-7bac-42cc-9f23-f477a5e9bc3a,thoroughly.limo,available,54.99,54.99,high,low,10,namesilo,,,14/09/2026 17:01
5ff05a16-3720-4cb4-94bc-5fa66a7760ad,island.limo,available,19.99,,high,low,6,name.com,,,
2f051ec4-d85b-41ca-ae47-5cc63a77e963,allowance.limo,available,19.99,,high,low,9,name.com,,,
9b0fbd74-883b-4024-a3c0-2484de736ba1,bombs.limo,available,57.98,68.98,medium,low,5,namecheap,,,25/09/2026 21:33
c972ebb5-4d92-41b0-9df4-3d293e0f015b,hedonistic.limo,available,19.99,71.99,medium,low,10,name.com,,,21/08/2026 05:56
a8a04d27-6b33-45cc-a4bf-9911edc708bb,unjust.limo,available,19.99,71.99,medium,low,6,name.com,,,22/08/2026 03:49
0eae88b9-3bb2-47f3-b0d4-77d36b80bcdd,suggested.limo,available,57.98,68.98,medium,low,9,namecheap,,,18/09/2026 13:48
8ccd6e11-c00c-488d-9d88-2e4640e69782,decorated.limo,available,57.98,68.98,high,low,9,namecheap,,,21/09/2026 19:45
97cc67c4-8265-4b24-84f9-8bf7518ddce6,betrothal.limo,available,54.99,54.99,high,low,9,namesilo,,,23/09/2026 11:34
08450387-aebc-4203-b428-496453880f31,strenuous.limo,available,54.99,54.99,medium,low,9,namesilo,,,10/09/2026 21:45